id,smiles,ExactMolWt,MolLogP,NumHDonors,NumHAcceptors,TPSA,NumRotatableBonds,FractionCSP3,LabuteASA,BalabanJ,HeavyAtomCount,NOCount,NumAromaticRings
1,C([C@@H]1[C@H]([C@@H]([C@H]([C@H](O1)O)O)O)O)O,180.063388104,-3.2213999999999987,5.0,6.0,110.38000000000001,1.0,1.0,68.64284443677028,2.6344089870615974,12.0,6.0,0.0
2,OC[C@H]1O[C@@H](O)[C@H](O)[C@@H](O)[C@@H]1O,180.063388104,-3.2214000000000005,5.0,6.0,110.38000000000001,1.0,1.0,68.64284443677029,2.6344089870615974,12.0,6.0,0.0
3,C[C@@H](C(=O)O)N,89.047678464,-0.5817999999999999,2.0,2.0,63.31999999999999,1.0,0.6666666666666666,35.76478180587526,3.2575861612334887,6.0,3.0,0.0
4,C(C[C@@H](C(=O)O)N)CN=C(N)N,174.111675688,-1.548099999999999,4.0,3.0,127.71999999999998,5.0,0.6666666666666666,70.43471202895063,3.4399088073379374,12.0,6.0,0.0
5,C([C@@H](C(=O)O)N)C(=O)N,132.053492116,-1.7262999999999993,3.0,3.0,106.40999999999998,3.0,0.5,51.63113671732834,3.632432151939845,9.0,5.0,0.0
6,C([C@@H](C(=O)O)N)S,121.019749464,-0.6719,3.0,3.0,63.31999999999999,2.0,0.6666666666666666,46.919848469276985,3.3434170589539596,7.0,3.0,0.0
7,C(CC(=O)O)[C@@H](C(=O)O)N,147.053157768,-0.736899999999999,3.0,3.0,100.61999999999999,4.0,0.6,57.45042188690824,3.490729660390813,10.0,5.0,0.0
8,C(C(=O)O)N,75.0320284,-0.9702999999999999,2.0,2.0,63.31999999999999,1.0,0.5,29.39983969147865,2.847378923087672,5.0,3.0,0.0
9,C1=C(NC=N1)C[C@@H](C(=O)O)N,155.069476528,-0.6358999999999995,3.0,3.0,92.0,3.0,0.3333333333333333,63.25068441390008,2.4987607772382443,11.0,5.0,1.0
10,CC[C@H](C)[C@@H](C(=O)O)N,131.094628656,0.44439999999999996,2.0,2.0,63.31999999999999,3.0,0.8333333333333334,54.859608149065075,3.7161367711827205,9.0,3.0,0.0
11,CC(C)C[C@@H](C(=O)O)N,131.094628656,0.44439999999999996,2.0,2.0,63.31999999999999,3.0,0.8333333333333334,54.859608149065075,3.5016884512730915,9.0,3.0,0.0
12,CCC(CC1=CC=CC=C1)CNC(=O)C2=CC3=C(C=C2)SC4=CC=CC=C4C(=O)N3,416.155849008,5.402200000000004,2.0,3.0,58.2,6.0,0.2,180.64023377154086,1.4413352278180638,30.0,4.0,3.0
13,CSCC[C@@H](C(=O)O)N,149.051049592,0.15140000000000003,2.0,3.0,63.31999999999999,4.0,0.8,58.61777606003371,3.2659073992264416,9.0,3.0,0.0
14,C1=CC=C(C=C1)C[C@@H](C(=O)O)N,165.078978592,0.641,2.0,2.0,63.31999999999999,3.0,0.2222222222222222,70.82187601193928,2.584604082397521,12.0,3.0,1.0
15,C1C[C@H](NC1)C(=O)O,115.063328528,-0.17700000000000032,2.0,2.0,49.33,1.0,0.8,47.69880636773457,2.3499367387767807,8.0,3.0,0.0
16,C(C(C(=O)O)N)O,105.042593084,-1.6093999999999995,3.0,3.0,83.55,2.0,0.6666666666666666,40.559015558071266,3.3434170589539596,7.0,4.0,0.0
17,C[C@H]([C@@H](C(=O)O)N)O,119.058243148,-1.2208999999999997,3.0,3.0,83.55,2.0,0.75,46.92395767246787,3.6376825478398387,8.0,4.0,0.0
18,C1=CC=C2C(=C1)C(=CN2)C[C@@H](C(=O)O)N,204.089877624,1.1222999999999996,3.0,2.0,79.11,3.0,0.18181818181818182,86.7127009646888,2.323487371389896,15.0,4.0,2.0
19,C1=CC(=CC=C1C[C@@H](C(=O)O)N)O,181.073893212,0.3465999999999994,3.0,3.0,83.55,3.0,0.2222222222222222,75.61610976413529,2.641763904889644,13.0,4.0,1.0
20,CC(C)[C@@H](C(=O)O)N,117.078978592,0.05430000000000007,2.0,2.0,63.31999999999999,2.0,0.8,48.49466603466847,3.6376825478398387,8.0,3.0,0.0
21,[C@@H]1([C@@H]([C@@H](O[C@H]([C@H]1O)O)C(=O)O)O)O,194.04265266000002,-3.1290999999999984,5.0,6.0,127.45,1.0,0.8333333333333334,72.80436653681407,2.7575781247703532,13.0,7.0,0.0
22,[C@@H]1([C@@H]([C@H](O[C@H]([C@H]1O)O)C(=O)O)O)O,194.04265266000002,-3.1290999999999984,5.0,6.0,127.45,1.0,0.8333333333333334,72.80436653681407,2.7575781247703532,13.0,7.0,0.0
23,C([C@@H]1[C@H]([C@@H]([C@H]([C@@H](O1)O)O)O)O)O,180.063388104,-3.2213999999999987,5.0,6.0,110.38000000000001,1.0,1.0,68.64284443677028,2.6344089870615974,12.0,6.0,0.0
24,CC(COC[C@@H]1[C@H]([C@@H]([C@H]([C@@H](O1)O[C@@H]2[C@H](O[C@H]([C@@H]([C@H]2OCC(C)O)OCC(C)O)OCC(C)O)COCC(C)O)OCC(C)O)OCC(C)O)OCC(C)O)O.COC[C@@H]1[C@H]([C@@H]([C@H]([C@@H](O1)O[C@@H]2[C@H](O[C@H]([C@@H]([C@H]2OC)OC)OC)COC)OC)OC)OC,1260.692542056,-2.3208000000000117,8.0,30.0,364.90000000000015,40.0,1.0,506.64543892577467,5.254193001406856e-07,86.0,30.0,0.0
25,OC[C@H]1OC(O)C@@HC@@H[C@H]1O,,,,,,,,,,,,
26,OC[C@H]1OC(O)C@HC@@H[C@H]1O,,,,,,,,,,,,
27,OC(=O)CC(O)C(=O)O,134.021523292,-1.0934000000000001,3.0,3.0,94.83,3.0,0.5,50.539822827694934,3.6324321519398444,9.0,5.0,0.0
28,OC(=O)CC(O)(CC(=O)O)C(=O)O,192.02700259600002,-1.2484999999999995,4.0,4.0,132.13,5.0,0.5,72.22546290872793,4.619312134964085,13.0,7.0,0.0
29,OCC1=CC(O)=C2C(=C1)C(=O)C3=C(O)C=CC=C3C2C4OC(CO)C(O)C(O)C4O,418.1263822839999,-0.8912000000000004,7.0,9.0,167.91,3.0,0.38095238095238093,170.5960176429947,1.9550220920025982,30.0,9.0,2.0
30,OCC1=CC(O)=C2C(=O)C3=C(O)C=CC=C3C(=O)C2=C1,270.05282342000004,1.3655,3.0,5.0,94.83000000000001,1.0,0.06666666666666667,113.28323797189718,2.3498727995847597,20.0,5.0,2.0
31,OC(=O)C1=CC=CC=C1O,138.031694052,1.0903999999999998,2.0,2.0,57.53,1.0,0.0,57.54633483832936,3.1529414466808685,10.0,3.0,1.0
32,OC(=O)C=CC1=CC=C(O)C=C1,164.047344116,1.49,2.0,2.0,57.53,2.0,0.0,69.58661603493832,2.7720256132280023,12.0,3.0,1.0
33,OC(=O)C=CC1=CC=CC=C1,148.052429496,1.7844,1.0,1.0,37.3,2.0,0.0,64.79238228274231,2.7217735540687813,11.0,2.0,1.0
34,CCC@HC@H[C@H]1CC[C@@H]2[C@@]1(CC[C@H]3[C@H]2CC=C4CC@@HO)C,,,,,,,,,,,,
35,CC@H[C@H]1CC[C@@H]2[C@@]1(CC[C@H]3[C@H]2CC=C4CC@@HO)C,,,,,,,,,,,,
36,CC(=C)[C@@H]1CC[C@@]2([C@H]1CC[C@]34[C@H]2CC[C@@H]5[C@@]3(CCC@@HO)C(C)C4)C,,,,,,,,,,,,
37,NC(CC(=O)O)C(=O)O,133.037507704,-1.127,3.0,3.0,100.62000000000002,3.0,0.5,51.08547977251164,3.632432151939845,9.0,5.0,0.0
38,NC(CCC(=O)O)C(=O)O,147.053157768,-0.7368999999999997,3.0,3.0,100.62000000000002,4.0,0.6,57.450421886908245,3.4907296603908136,10.0,5.0,0.0
39,NC(CO)C(=O)O,105.042593084,-1.6093999999999997,3.0,3.0,83.55,2.0,0.6666666666666666,40.559015558071266,3.3434170589539596,7.0,4.0,0.0
40,NCC(=O)O,75.0320284,-0.9702999999999999,2.0,2.0,63.32000000000001,1.0,0.5,29.39983969147865,2.847378923087672,5.0,3.0,0.0
41,NC(C)C(=O)O,89.047678464,-0.5818000000000003,2.0,2.0,63.32000000000001,1.0,0.6666666666666666,35.76478180587526,3.2575861612334887,6.0,3.0,0.0
42,NC(C(C)C)C(=O)O,117.078978592,0.05429999999999996,2.0,2.0,63.32000000000001,2.0,0.8,48.49466603466847,3.6376825478398387,8.0,3.0,0.0
43,C([C@@H]1[C@@H]([C@@H]([C@H]([C@H](O1)O)O)O)O)O,180.063388104,-3.2213999999999987,5.0,6.0,110.38000000000001,1.0,1.0,68.64284443677028,2.6344089870615974,12.0,6.0,0.0
44,C([C@@H]1[C@H]([C@@H]([C@@H]([C@@H](O1)O)O)O)O)O,180.063388104,-3.2213999999999987,5.0,6.0,110.38000000000001,1.0,1.0,68.64284443677028,2.6344089870615974,12.0,6.0,0.0
45,OCC(O)CO,92.047344116,-1.6681000000000001,3.0,3.0,60.69,2.0,1.0,35.851836513210806,2.7541847860376616,6.0,3.0,0.0
46,C(C(=O)O)C(CC(=O)O)(C(=O)O)O,192.02700259600002,-1.2485,4.0,4.0,132.13,5.0,0.5,72.22546290872793,4.619312134964085,13.0,7.0,0.0
47,CCCCCCCCCCCC(=O)OCCOCC(C1C(C(CO1)OCCO)OCCO)OCCO,522.3403977999998,1.9984000000000006,3.0,10.0,133.14000000000001,25.0,0.9615384615384616,216.08246746788865,2.267923922124221,36.0,10.0,0.0
48,CCCCCCCC/C=C/CCCCCCCC(=O)OCCOCC(C1C(CC(O1)OCCO)OCCO)OCCO,604.4186481199998,4.462600000000006,3.0,10.0,133.14000000000001,30.0,0.90625,253.58251712208406,2.1260706461318684,42.0,10.0,0.0
49,CCCCCCCC/C=C\CCCCCCCC(=O)O,282.255880328,6.1085000000000065,1.0,1.0,37.3,15.0,0.8333333333333334,125.20941979262746,3.066157800884338,20.0,2.0,0.0
50,OC(CCCCCCC/C=C\C/C=C\CCCCC)=O,280.240230264,5.884500000000006,1.0,1.0,37.3,14.0,0.7222222222222222,124.51981676044318,3.173765882897651,20.0,2.0,0.0
51,CC/C=C\C/C=C\C/C=C\CCCCCCCC(O)=O,278.2245802,5.660500000000005,1.0,1.0,37.3,13.0,0.6111111111111112,123.83021372825894,3.2329128954416952,20.0,2.0,0.0
52,CC(=CCC/C(=C/C=O)/C)C,152.120115132,2.878000000000001,0.0,1.0,17.07,4.0,0.5,68.80604609307427,3.6257596603687854,11.0,1.0,0.0
53,CC(=CCC/C(=C\C=O)/C)C,152.120115132,2.878000000000001,0.0,1.0,17.07,4.0,0.5,68.80604609307427,3.6257596603687854,11.0,1.0,0.0
54,CC(=CCCC(=C)C=C)C,136.125200512,3.4750000000000023,0.0,0.0,0.0,4.0,0.4,63.954920960846245,3.4629046970868087,10.0,0.0,0.0
55,CC1=CC[C@H](CC1)C(=C)C,136.125200512,3.308900000000002,0.0,0.0,0.0,1.0,0.6,63.63869283950128,2.495412226862891,10.0,0.0,0.0
56,C=C1CCC2CC1C2(C)C,136.125200512,2.9987000000000013,0.0,0.0,0.0,0.0,0.8,63.322464718156304,2.2310808128795734,10.0,0.0,0.0
57,CC1=CCC(=CC1)C(C)C,136.125200512,3.308900000000002,0.0,0.0,0.0,1.0,0.6,63.63869283950127,2.5385118917425267,10.0,0.0,0.0
58,CC1=CCC2CC1C2(C)C,136.125200512,2.9987000000000013,0.0,0.0,0.0,0.0,0.8,63.322464718156304,2.296626579720339,10.0,0.0,0.0
59,CC(C)C12CCC(=C)C1C2,136.125200512,2.9987000000000013,0.0,0.0,0.0,1.0,0.8,63.322464718156304,2.1770985232324103,10.0,0.0,0.0
60,CC1=CC=CC=C1C(C)C,134.109550448,3.118420000000002,0.0,0.0,0.0,1.0,0.4,62.89117157708339,3.0313278985819716,10.0,0.0,1.0
61,CC1=C(C=C(C=C1)C(C)C)O,150.104465068,2.8240200000000013,1.0,1.0,20.23,1.0,0.4,67.6854053292794,3.051645448959173,11.0,1.0,1.0
62,CC1=CCC(=C(C)C)CC1,136.125200512,3.453000000000002,0.0,0.0,0.0,0.0,0.6,63.63869283950128,2.668730432311545,10.0,0.0,0.0
63,C([C@H]([C@H]([C@@H]([C@H](CO)O)O)O)O)O,182.079038168,-3.585399999999998,6.0,6.0,121.38000000000001,5.0,1.0,69.32936411298864,3.985164450858579,12.0,6.0,0.0
64,CCCCCCCCCCCCCCCC(O)=O,256.240230264,5.552300000000005,1.0,1.0,37.3,14.0,0.9375,113.1691385960185,2.9229656090325555,18.0,2.0,0.0
65,CCCCCC\C=C/CCCCCCCC(O)=O,254.2245802,5.328300000000005,1.0,1.0,37.3,13.0,0.8125,112.47953556383423,3.05584878087341,18.0,2.0,0.0
66,CCCCCCCCCCCCCCCCCC(O)=O,284.271530392,6.332500000000007,1.0,1.0,37.3,16.0,0.9444444444444444,125.89902282481172,2.938980066543728,20.0,2.0,0.0
67,CCCCCCCCCCCCCCCCCCCC(O)=O,312.30283052,7.112700000000007,1.0,1.0,37.3,18.0,0.95,138.6289070536049,2.953023693552656,22.0,2.0,0.0
68,CCCCCCCC/C=C\CCCCCCCCCC(=O)O,310.287180456,6.888700000000007,1.0,1.0,37.3,17.0,0.85,137.93930402142064,3.0639331169894413,22.0,2.0,0.0
69,CCCCCCCCCCCCCCCCCCCCCC(=O)O,340.3341306479999,7.892900000000008,1.0,1.0,37.3,20.0,0.9545454545454546,151.35879128239813,2.9653789386426435,24.0,2.0,0.0
70,[NH4+],18.03382554809,0.3762,1.0,0.0,36.5,0.0,0.0,7.50422812385033,0.0,1.0,1.0,0.0
71,[C@@H]1([C@H]([C@H](O[C@@H]([C@@H]1O)O)C(=O)O)O)O,194.04265266000002,-3.1290999999999984,5.0,6.0,127.45,1.0,0.8333333333333334,72.80436653681407,2.7575781247703532,13.0,7.0,0.0
72,CCCCCCCCCCCCCCCCCCCCCCCC(O)=O,368.3654307759999,8.673100000000005,1.0,1.0,37.3,22.0,0.9583333333333334,164.08867551119135,2.9762995981657143,26.0,2.0,0.0
73,C=CO,44.026214748,0.6879,1.0,1.0,20.23,0.0,0.0,19.208823862237917,2.1874960973678963,3.0,1.0,0.0
74,CO,32.026214748,-0.3915,1.0,1.0,20.23,0.0,1.0,13.533484780025564,1.0,2.0,1.0,0.0
75,CC1=CC[C@@H](CC1)C(=C)C,136.125200512,3.308900000000002,0.0,0.0,0.0,1.0,0.6,63.63869283950128,2.495412226862891,10.0,0.0,0.0
76,CCCCCCCC/C=C\CCCCCCCC(=O)OC[C@H]([C@@H]1[C@@H]([C@H](CO1)O)O)O,428.3137891279999,4.048600000000005,3.0,6.0,96.22000000000001,18.0,0.875,182.20879928888363,1.8708248347805243,30.0,6.0,0.0
77,CCCCCCCCCCCCCCCC(=O)OCCCCCCCCCCCCCCCCCCCCCCCCCCCCCC,676.709732184,16.953599999999966,0.0,2.0,26.3,43.0,0.9782608695652174,304.4367135052275,3.1216639236606984,48.0,2.0,0.0
78,CCCCCCCCCCCCCCCCCCCCCCCCCC(=O)O,396.3967309039999,9.4533,1.0,1.0,37.3,24.0,0.9615384615384616,176.81855973998458,2.9860022171912726,28.0,2.0,0.0
79,CCCCCCCCCCCCCCCCCCCCCCCCCCC,380.438201792,10.77869999999999,0.0,0.0,0.0,24.0,1.0,174.22774600214143,2.9540148394146155,27.0,0.0,0.0
80,CCCCCCCCCCCCCCCCCCCCCCCCCCCCC,408.46950191999997,11.558899999999985,0.0,0.0,0.0,26.0,1.0,186.95763023093465,2.9667713115344823,29.0,0.0,0.0
81,CCCCCCCCCCCCCCCCCCCCCCCCCCCCCCC,436.50080204799997,12.33909999999998,0.0,0.0,0.0,28.0,1.0,199.68751445972788,2.9779031597789904,31.0,0.0,0.0
82,CCCCCCCCCCCCCCCCCCCCCCCCC,352.406901664,9.998499999999995,0.0,0.0,0.0,22.0,1.0,161.4978617733482,2.939250071405689,25.0,0.0,0.0
83,CCCCCCCCCCCCCCCCCCCCCCC,324.375601536,9.218300000000001,0.0,0.0,0.0,20.0,1.0,148.76797754455498,2.9219621943934726,23.0,0.0,0.0
84,CCCCCCCCCCCCCCCCCCCCCCCC(=O)O,368.3654307759999,8.673100000000005,1.0,1.0,37.3,22.0,0.9583333333333334,164.08867551119135,2.9762995981657143,26.0,2.0,0.0
85,CCCCCCCCCCCCCCCCCCCCCCCCCCCC(=O)O,424.4280310319999,10.233499999999996,1.0,1.0,37.3,26.0,0.9642857142857143,189.5484439687778,2.994667772473111,30.0,2.0,0.0
86,CCCCCCCCCCCCCCCCCCCCCCCCCCCCCC(=O)O,452.4593311599999,11.013699999999991,1.0,1.0,37.3,28.0,0.9666666666666667,202.27832819757103,3.0024464139683853,32.0,2.0,0.0
87,CCCCCCCCCCCCCCCCCCCCCCCCCCCCCCCO,452.495716668,11.311499999999986,1.0,1.0,20.23,29.0,1.0,204.48174821192387,2.982953848041781,32.0,1.0,0.0
88,CCCCCCCCCCCCCCCC(=O)OCCCCCCCCCCCCCCCCCCCCCCCCCCCC,648.678432056,16.17339999999996,0.0,2.0,26.3,41.0,0.9772727272727273,291.7068292764343,3.123549155507779,46.0,2.0,0.0
89,CCCCCCCCCCCCCCCC(=O)OCCCCCCCCCCCCCCCCCCCCCCCCCC,620.647131928,15.393199999999961,0.0,2.0,26.3,39.0,0.9761904761904762,278.97694504764115,3.1256276664857365,44.0,2.0,0.0
90,CCCCCCCCCCCCCCCC(=O)OCCCCCCCCCCCCCCCCCCCCCCCC,592.6158318,14.612999999999968,0.0,2.0,26.3,37.0,0.975,266.24706081884796,3.1278691210036906,42.0,2.0,0.0
91,CC(O)CCCCCCCCCCCCC(=O)O,258.21949482,4.133000000000003,2.0,2.0,57.53,13.0,0.9333333333333333,111.5984302338179,2.9659342344916513,18.0,3.0,0.0
92,CCCCCCCCCCCCCCCCCCCCC,296.344301408,8.438100000000006,0.0,0.0,0.0,18.0,1.0,136.03809331576176,2.901443984538413,21.0,0.0,0.0
93,CCCCCCCCCCCCCCCC(=O)O,256.240230264,5.552300000000005,1.0,1.0,37.3,14.0,0.9375,113.1691385960185,2.9229656090325555,18.0,2.0,0.0
94,COC1=C(C=CC(=C1)/C=C/C(=O)CC(=O)/C=C/C2=CC(=C(C=C2)O)OC)O,368.1259883599999,3.3699000000000026,2.0,6.0,93.06000000000002,8.0,0.14285714285714285,156.53237245425527,1.9588614829982387,27.0,6.0,2.0
95,C1[C@H]([C@H](OC2=CC(=CC(=C21)O)O)C3=CC(=C(C(=C3)O)O)O)OC(=O)C4=CC(=C(C(=C4)O)O)O,458.0849113959998,2.2332000000000014,8.0,11.0,197.36999999999998,3.0,0.13636363636363635,184.74201141230785,1.7472605732203805,33.0,11.0,3.0
96,C1=C(C=C(C(=C1O)O)O)C(=O)O,170.021523292,0.5016000000000003,4.0,4.0,97.99,1.0,0.0,67.13480234272139,3.3065354127490636,12.0,5.0,1.0
97,C1[C@H]([C@H]([C@@H](C[C@@]1(C(=O)O)O)OC(=O)/C=C/C2=CC(=C(C=C2)O)O)O)O,354.09508215599993,-0.6459000000000001,6.0,8.0,164.75,4.0,0.375,141.58738202052004,2.05888368559587,25.0,9.0,1.0
98,COC1=C(C=CC(=C1)CC=C)O,164.083729624,2.1293,1.0,2.0,29.46,3.0,0.2,72.10934752660204,2.9595595472247798,12.0,2.0,1.0
99,CC(=O)OC1=C(C=CC(=C1)CC=C)OC,206.094294308,2.349,0.0,3.0,35.53,4.0,0.25,89.32006533274986,3.0054885740922277,15.0,3.0,1.0
100,C[C@]1(CC[C@H]2C(=C)CC[C@@H]1C2)C,164.15650064,3.778900000000003,0.0,0.0,0.0,0.0,0.8333333333333334,76.05234894694951,2.139171978265884,12.0,0.0,0.0
101,C([C@@H]([C@@H]1[C@H](C(=O)C(=O)O1)O)O)O,176.032087976,-2.8049999999999993,3.0,6.0,104.06000000000002,2.0,0.6666666666666666,67.37742113246578,2.70374725438926,12.0,6.0,0.0
102,OO,34.005479304,0.01739999999999997,2.0,2.0,40.46,0.0,0.0,11.892071733563276,1.0,2.0,2.0,0.0
103,C([C@@H]1[C@@H]2[C@@H]([C@H]([C@H](O1)O[C@@H]3[C@H](O[C@@H]([C@@H]([C@H]3O)O)O[C@@H]4[C@H](O[C@@H]([C@@H]([C@H]4O)O)O[C@@H]5[C@H](O[C@@H]([C@@H]([C@H]5O)O)O[C@@H]6[C@H](O[C@@H]([C@@H]([C@H]6O)O)O[C@@H]7[C@H](O[C@@H]([C@@H]([C@H]7O)O)O[C@@H]8[C@H](O[C@H](O2)[C@@H]([C@H]8O)O)CO)CO)CO)CO)CO)CO)O)O)O,1134.36976394,-15.230600000000031,21.0,35.0,554.0500000000002,7.0,1.0,433.9237704990694,1.0764059408401618,77.0,35.0,0.0
104,[O-]P(=O)([O-])OP(=O)([O-])OP(=O)([O-])[O-].[Na+].[Na+].[Na+].[Na+].[Na+],367.81927749000005,-18.834600000000002,0.0,10.0,184.97000000000003,4.0,0.0,213.28839827041173,-7.19999952990003e-08,18.0,10.0,0.0
105,CC1(C2CCC(O1)(CC2)C)C,154.135765196,2.7441000000000013,0.0,1.0,9.23,0.0,1.0,69.12561297984743,2.223991853197867,11.0,1.0,0.0
106,CC1(C2CCC1(C(=O)C2)C)C,152.120115132,2.401700000000001,0.0,1.0,17.07,0.0,0.9,68.17358985038432,2.4741517243797517,11.0,1.0,0.0
107,CC1=C[C@H]2C[C@@H](C1)C2(C)C,136.125200512,2.9987000000000013,0.0,0.0,0.0,0.0,0.8,63.322464718156304,2.2642730583874444,10.0,0.0,0.0
108,CC1(C2CCC1(C(C2)O)C)C,154.135765196,2.1935000000000002,1.0,1.0,20.23,0.0,1.0,68.80630150253657,2.396254979141823,11.0,1.0,0.0
109,CC1=CC(=O)[C@@H]2C[C@H]1C2(C)C,150.104465068,2.1776999999999997,0.0,1.0,17.07,0.0,0.7,67.48398681820007,2.4159250092216937,11.0,1.0,0.0
110,CC1(C2CCC(C2)C1=C)C,136.125200512,2.9987000000000013,0.0,0.0,0.0,0.0,0.8,63.32246471815629,2.3367677527130697,10.0,0.0,0.0
111,CC1=CC=C(C=C1)C(C)C,134.109550448,3.118420000000002,0.0,0.0,0.0,1.0,0.4,62.89117157708339,2.893762783606678,10.0,0.0,1.0
112,CCCCCCCCCCCCCCCCCC(=O)O,284.271530392,6.332500000000007,1.0,1.0,37.3,16.0,0.9444444444444444,125.89902282481172,2.938980066543728,20.0,2.0,0.0
113,CCCCC/C=C\C/C=C\CCCCCCCC(=O)OCC(OC(=O)CCCCCCC/C=C\C/C=C\CCCCC)COC(=O)CCCCCCC/C=C\C/C=C\CCCCC,878.736340856,17.42509999999997,0.0,6.0,78.9,47.0,0.7368421052631579,388.8635932295857,4.4584902809836535,63.0,6.0,0.0
114,CCCCC/C=C\C/C=C\CCCCCCCC(=O)OC[C@H](COP(=O)([O-])OC1C(O)C(O)C(O)C(O)C1O)OC(=O)CCCCCCC/C=C\C/C=C\CCCCC,857.5185527659099,7.756700000000011,5.0,13.0,212.33999999999997,36.0,0.7777777777777778,354.12469908477993,2.5018983930835024,59.0,13.0,0.0
115,CCCCC/C=C\C/C=C\CCCCCCCC(=O)OC[C@H](COP(=O)([O-])OCC[N+](C)(C)C)OC(=O)CCCCCCC/C=C\C/C=C\CCCCC,781.5621551499999,11.276199999999992,0.0,8.0,111.19,38.0,0.7727272727272727,330.7642245197314,4.437824168676488,54.0,9.0,0.0
116,CCCCC/C=C\C/C=C\CCCCCCCC(=O)OC[C@H](COP(=O)([O-])OCC[NH3+])OC(=O)CCCCCCC/C=C\C/C=C\CCCCC,739.5152049579999,9.811899999999998,1.0,8.0,138.83,37.0,0.7560975609756098,311.0394837167556,4.255761685619155,51.0,9.0,0.0
117,CC1=CCC(CC1)C(=C)C,136.125200512,3.308900000000002,0.0,0.0,0.0,1.0,0.6,63.63869283950128,2.495412226862891,10.0,0.0,0.0
118,CCC(=O)[O-].CCC(=O)[O-].[Ca+2],186.02049978000002,-2.088199999999998,0.0,4.0,80.25999999999999,2.0,0.6666666666666666,95.59707245304554,-1.0666666563333335e-07,11.0,4.0,0.0
119,O,18.010564684,-0.8247,0.0,0.0,31.5,0.0,0.0,6.84923118831809,0.0,1.0,1.0,0.0
120,C1=CC(=C(C=C1/C=C/C(=O)O)O)O,180.042258736,1.1955999999999996,3.0,3.0,77.76,2.0,0.0,74.38084978713434,2.915115080665927,13.0,4.0,1.0
121,C1=C(C=C(C(=C1O)O)O)C2=C(C(=O)C3=C(C=C(C=C3O2)O)O)O,318.0375672799999,1.6936000000000004,6.0,8.0,151.58999999999997,1.0,0.0,126.90190329452508,2.3951104010988047,23.0,8.0,3.0
122,C1=CC(=C(C=C1C2=C(C(=O)C3=C(C=C(C=C3O2)O)O)O)O)O,302.04265265999993,1.9880000000000009,5.0,7.0,131.36,1.0,0.0,122.1076695423291,2.3772579684492383,22.0,7.0,3.0
123,COC1=CC(=CC(=C1O)OC)C(=O)O,198.05282342,1.1076,2.0,4.0,75.99,3.0,0.2222222222222222,80.50330952613635,3.315382669168291,14.0,5.0,1.0
124,C1=CC(=CC=C1/C=C/C(=O)O)O[C@H]2[C@@H]([C@H]([C@@H]([C@H](O2)CO)O)O)O,326.1001675359999,-1.0369000000000002,5.0,7.0,136.68,5.0,0.4,131.38022928339055,2.042948928490598,23.0,8.0,1.0
125,C1[C@@H]([C@H](OC2=CC(=CC(=C21)O)O)C3=CC(=C(C=C3)O)O)O,290.07903816799995,1.5461000000000014,5.0,6.0,110.38000000000001,1.0,0.2,119.66220650570855,1.9978810165902074,21.0,6.0,2.0
126,C1=CC(=CC=C1/C=C/C2=CC(=CC(=C2)O)O)O,228.078644244,2.973800000000002,3.0,3.0,60.69,2.0,0.0,98.91147977875801,2.222508971911267,17.0,3.0,2.0
127,C1=CC(=CC=C1C2=C(C(=O)C3=C(C=C(C=C3O2)O)O)O)O,286.04773803999996,2.282400000000001,4.0,6.0,111.13000000000001,1.0,0.0,117.31343579013308,2.3724965672537737,21.0,6.0,3.0
128,C[C@H]1[C@@H]([C@H]([C@H]([C@@H](O1)OC[C@@H]2[C@H]([C@@H]([C@H]([C@@H](O2)OC3=C(OC4=CC(=CC(=C4C3=O)O)O)C5=CC(=C(C=C5)O)O)O)O)O)O)O)O,610.1533848800001,-1.6871000000000005,10.0,16.0,269.42999999999995,6.0,0.4444444444444444,240.90066228703742,1.4784687141163413,43.0,16.0,3.0
129,COC1=C(C=CC(=C1)/C=C/C(=O)O)O,194.0579088,1.4986,2.0,3.0,66.76,3.0,0.1,81.06510337884183,2.948507336572909,14.0,4.0,1.0
130,C1=CC=C(C(=C1)C(=O)O)O,138.031694052,1.0903999999999998,2.0,2.0,57.53,1.0,0.0,57.54633483832936,3.1529414466808685,10.0,3.0,1.0
131,[C@@H]1([C@@H]([C@H](O[C@H]([C@@H]1O)O)C(=O)O)O)O,194.04265266000002,-3.1290999999999984,5.0,6.0,127.45,1.0,0.8333333333333334,72.80436653681407,2.7575781247703532,13.0,7.0,0.0
132,[C-]#N.[C-]#N.[C-]#N.[C-]#N.[C-]#N.N#[O+].[Na+].[Na+].[Fe+2],261.92783468,-5.616370000000001,0.0,6.0,162.64,0.0,0.0,143.83208699035663,-3.956043955029585e-09,15.0,7.0,0.0
133,C[C@H]1CC[C@H]([C@H](C1)O)C(C)C,156.15141526,2.4395000000000007,1.0,1.0,20.23,1.0,1.0,69.8121326560658,2.437159260034696,11.0,1.0,0.0
134,CC1=C(OC2=C1C[C@H](C2)C(C)C)C,178.135765196,3.267240000000002,0.0,1.0,13.14,1.0,0.6666666666666666,80.13943814521743,2.2766866912521317,13.0,1.0,1.0
135,CC(C)[C@H]1CC[C@H]([C@@H](C1)OC(=O)C)C,198.161979944,3.0103000000000018,0.0,2.0,26.3,2.0,0.9166666666666666,87.02285046221364,2.503279672487899,14.0,2.0,0.0
136,C[C@@H]1CC[C@@H](C(=O)C1)C(C)C,154.135765196,2.6477000000000013,0.0,1.0,17.07,1.0,0.9,69.17942100391355,2.5076939164331393,11.0,1.0,0.0
137,CC12CCC(CC1)C(C)(C)O2,154.135765196,2.7441000000000013,0.0,1.0,9.23,0.0,1.0,69.12561297984745,2.2239918531978673,11.0,1.0,0.0
138,CCCCCCCCCCCCCCCCCC(=O)O.CCCCCCCCCCCCCCCC(=O)O.C(C(CO)O)O,632.559104772,10.216699999999994,5.0,5.0,135.29,32.0,0.9459459459459459,272.1830424142336,-6.46607596889514e-07,44.0,7.0,0.0
139,[O-2].[Zn+2],79.92405681999999,-0.1213,0.0,0.0,28.5,0.0,0.0,25.732559230882938,0.0,2.0,1.0,0.0
140,CCCC/C=C\C=C\C=C/CCCCCCCC(=O)O,278.2245802,5.660500000000005,1.0,1.0,37.3,13.0,0.6111111111111112,123.83021372825893,3.287096208030444,20.0,2.0,0.0
141,CC(C)C1=CCC(C)=CC1,136.125200512,3.308900000000002,0.0,0.0,0.0,1.0,0.6,63.63869283950128,2.5385118917425267,10.0,0.0,0.0
142,CCCCCCCCCCCCCCCCCCCCCCCCCCOC(=O)CCCCCCCCCCCCCCCCCCCCCCCCC,760.8036325679999,19.294199999999986,0.0,2.0,26.3,49.0,0.9807692307692307,342.62636619160696,3.1395107912941236,54.0,2.0,0.0
143,C1=CC(=CC=C1C=CC(=O)O)O,164.047344116,1.4899999999999995,2.0,2.0,57.53,2.0,0.0,69.58661603493832,2.772025613228003,12.0,3.0,1.0
144,CCCCCCCCCCCCCCCCCCCCCCCCCCO,382.41746634799995,9.360999999999999,1.0,1.0,20.23,24.0,1.0,172.65703763994082,2.9540148394146155,27.0,1.0,0.0
145,N,17.026549096,0.16199999999999998,1.0,1.0,35.0,0.0,0.0,7.50422812385033,0.0,1.0,1.0,0.0
146,ClCl,69.93770536,1.379,0.0,0.0,0.0,0.0,0.0,22.57062952123243,1.0,2.0,0.0,0.0
147,C([C@@H]1[C@H]([C@@H]([C@H]([C@@H](O1)O)N)O)O)O,179.079372516,-3.254999999999998,5.0,6.0,116.17000000000002,1.0,1.0,69.18850138158699,2.6344089870615974,12.0,6.0,0.0
148,C([C@@H]1[C@@H]([C@@H]([C@H]([C@@H](O1)O)O)O)O)O,180.063388104,-3.2213999999999987,5.0,6.0,110.38000000000001,1.0,1.0,68.64284443677028,2.6344089870615974,12.0,6.0,0.0
149,C([C@H]1[C@@H]([C@H]([C@H](O1)O)O)O)O,150.05282342,-2.5823,4.0,5.0,90.15,1.0,1.0,57.48366857017767,2.526211434209837,10.0,5.0,0.0
150,C[C@H]1[C@@H]([C@H]([C@H]([C@H](O1)O)O)O)O,164.068473484,-2.1938,4.0,5.0,90.15,0.0,1.0,63.84861068457427,2.6253583320368565,11.0,5.0,0.0
151,CO[C@H]1[C@@H]([C@H]([C@@H](O[C@@H]1C(=O)O)O)O)O,208.05830272400001,-2.4749999999999983,4.0,6.0,116.45000000000002,2.0,0.8571428571428571,79.48862012852155,2.8159548580209925,14.0,7.0,0.0
152,C1[C@@H]2[C@@H]([C@H](O1)[C@H]([C@H](O2)O)O)O,162.05282342,-2.1757999999999997,3.0,5.0,79.15,0.0,1.0,63.16209100835591,2.158343353558493,11.0,5.0,0.0
153,C([C@@H]1[C@H]([C@H]([C@@H](O1)O)O)O)O,150.05282342,-2.5823,4.0,5.0,90.15,1.0,1.0,57.48366857017767,2.526211434209837,10.0,5.0,0.0
154,C1[C@H]([C@@H]([C@H]([C@@H](O1)O)O)O)O,150.05282342,-2.5823,4.0,5.0,90.15,0.0,1.0,57.48366857017767,2.515835979311492,10.0,5.0,0.0
155,CCCCCCCCCCCCCC(=O)O,228.208930136,4.772100000000004,1.0,1.0,37.3,12.0,0.9285714285714286,100.43925436722527,2.904707557588277,16.0,2.0,0.0
156,CC(=O)N[C@@H]1[C@H]([C@@H]([C@H](OC1O)CO)O)O,221.0899372,-3.077599999999998,5.0,6.0,119.25000000000001,2.0,0.875,86.28987919701932,2.697922367271773,15.0,7.0,0.0
157,CN(C)c1ccc(cc1)\N=N\c2ccccc2C(O)=O,269.11642672,3.8662000000000027,1.0,4.0,65.25999999999999,4.0,0.13333333333333333,116.74569103568308,2.2318048143859897,20.0,5.0,2.0
158,CC1=C(C=C(C(=C1Br)O)C(C)C)C2(C3=CC=CC=C3S(=O)(=O)O2)C4=C(C(=C(C(=C4)C(C)C)O)Br)C,622.0024191959999,7.497240000000008,2.0,5.0,83.83,4.0,0.3333333333333333,223.0957496106916,2.2707524252870956,35.0,5.0,3.0
159,C1=C(C=C(C(=C1O)O)O)C(=O)OC2=CC(=CC(=C2O)O)C(=O)OC[C@@H]3[C@H]([C@@H]([C@H]([C@@H](O3)OC(=O)C4=CC(=C(C(=C4)OC(=O)C5=CC(=C(C(=C5)O)O)O)O)O)OC(=O)C6=CC(=C(C(=C6)OC(=O)C7=CC(=C(C(=C7)O)O)O)O)O)OC(=O)C8=CC(=C(C(=C8)OC(=O)C9=CC(=C(C(=C9)O)O)O)O)O)OC(=O)C1=CC(=C(C(=C1)OC(=O)C1=CC(=C(C(=C1)O)O)O)O)O 2,1700.172974183999,4.838100000000011,25.0,46.0,777.9800000000005,21.0,0.07894736842105263,671.4985559808036,1.0869592554847816,122.0,46.0,10.0
160,CC1(C)C2C=CC(C(C)C)C12,150.140850576,3.100600000000002,0.0,0.0,0.0,1.0,0.8181818181818182,69.6874068325529,2.144640256196528,11.0,0.0,0.0
161,CC1(C)C2CCC1(C(=C)C2),136.125200512,2.9987000000000013,0.0,0.0,0.0,0.0,0.8,63.322464718156304,2.350123726798485,10.0,0.0,0.0
162,CC1=CCC(C(C)C)=CC1,136.125200512,3.308900000000002,0.0,0.0,0.0,1.0,0.6,63.63869283950128,2.538511891742526,10.0,0.0,0.0
163,CC12CCC(C1)C(C)(C)C2=C,150.140850576,3.3888000000000025,0.0,0.0,0.0,0.0,0.8181818181818182,69.6874068325529,2.4164285191788353,11.0,0.0,0.0
164,CC1=CCC(=C)CC1C(C)C,150.140850576,3.5549000000000026,0.0,0.0,0.0,1.0,0.6363636363636364,70.00363495389787,2.7137786281405396,11.0,0.0,0.0
165,CC1=CCC(CC1)C(C)(C)O,154.135765196,2.5037000000000007,1.0,1.0,20.23,1.0,0.8,69.12252962388156,2.5385757360885064,11.0,1.0,0.0
166,CC1=CCC(CC1)(C(C)C)O,154.135765196,2.5037000000000016,1.0,1.0,20.23,1.0,0.8,69.12252962388155,2.6370674233596185,11.0,1.0,0.0
167,CC1=CC(=C(C=C1)O)C(C)C,150.104465068,2.824020000000001,1.0,1.0,20.23,1.0,0.4,67.6854053292794,3.125948235083691,11.0,1.0,1.0
168,CC1=CCCC(C)(C2CC2(C)CCC1=C)C,218.203450832,5.115300000000005,0.0,0.0,0.0,0.0,0.75,100.8225143723517,2.1698328096824997,16.0,0.0,0.0
169,CC(=CCCC(=C)C1CCC(C)=CC1)C,204.187800768,5.0354000000000045,0.0,0.0,0.0,4.0,0.6,94.77380037930006,2.3222223213801723,15.0,0.0,0.0
170,C([C@@H]1[C@H]([C@@H]([C@H]([C@H](O1)OC[C@@H]2[C@H]([C@@H]([C@H]([C@H](O2)O[C@H]([C@@H](CO)O)[C@@H]([C@H](C=O)O)O)O)O)O)O)O)O)O,504.1690349439997,-7.730399999999989,11.0,16.0,276.52,11.0,0.9444444444444444,192.28387895774074,2.1045434787709323,34.0,16.0,0.0
171,C([C@H]([C@H]([C@@H]([C@H](C(=O)[O-])O)O)O)O)O.C([C@H]([C@H]([C@@H]([C@H](C(=O)[O-])O)O)O)O)O.[Ca+2],430.0635463639999,-10.036400000000004,10.0,14.0,282.56,10.0,0.8333333333333334,181.72906266138529,-4.114285611122452e-07,27.0,14.0,0.0
172,CC(=O)O,60.021129368000004,0.09089999999999993,1.0,1.0,37.3,0.0,0.5,24.059948994465934,2.8030394876740514,4.0,2.0,0.0
173,[Cl-].[Cl-].[Ca+2],109.90029634,-6.3728,0.0,0.0,0.0,0.0,0.0,61.79043226022673,-0.0,3.0,0.0,0.0
174,CC(C(=O)O)O,90.031694052,-0.5482,2.0,2.0,57.53,1.0,0.6666666666666666,35.21912486105855,3.2575861612334887,6.0,3.0,0.0
175,C1[C@H]([C@H]([C@@H](C(O1)(CO)O)O)O)O,180.063388104,-3.219799999999999,5.0,6.0,110.38000000000001,1.0,1.0,68.64284443677028,2.705837489211811,12.0,6.0,0.0
176,CC(=O)CCC1=CC=CC=C1,148.088815004,2.2081999999999997,0.0,1.0,17.07,3.0,0.3,67.05269367712717,2.453018743531937,11.0,1.0,1.0
177,CC1=CC(=C(C(=C1)C(C)(C)C)O)C(C)(C)C,220.182715388,4.295620000000003,1.0,1.0,20.23,0.0,0.6,99.51011590126242,3.507848337934589,16.0,1.0,1.0
178,C[C@H]1CC[C@H]2[C@H](C1)CCC(=C)C2(C)C,192.187800768,4.4150000000000045,0.0,0.0,0.0,0.0,0.8571428571428571,88.78223317574273,2.166812677879551,14.0,0.0,0.0
179,CC1([C@@H]2CCC3(CCC=C[C@]3(C2)O1)C)C,206.167065324,3.690400000000003,0.0,1.0,9.23,0.0,0.8571428571428571,92.88994725172039,2.0626141462429586,15.0,1.0,0.0
180,CC1([C@@H]2CCC3(CC[C@H](C)[C@]3(C2)O1)C)C,208.182715388,3.7703000000000033,0.0,1.0,9.23,0.0,1.0,93.57955028390465,2.05937458645279,15.0,1.0,0.0
181,CC(=O)CCC1=CC=C(C=C1)OC,178.099379688,2.2168,0.0,2.0,26.3,4.0,0.36363636363636365,78.53118102103063,2.5375612644950314,13.0,2.0,1.0
182,CC1=CCC[C@]2([C@@]13C[C@H](CC2)C(O3)(C)C)C,220.182715388,4.080500000000003,0.0,1.0,9.23,0.0,0.8666666666666667,99.25488936611697,2.1098151658401467,16.0,1.0,0.0
183,CC1=C[C@H](C)C[C@]23[C@H]1C(=O)C[C@]2(C)C(O3)(C)C,234.161979944,3.115400000000002,0.0,2.0,26.3,0.0,0.8,103.41641146616075,2.1317701151011184,17.0,2.0,0.0
184,C[C@H]1CC[C@H]2[C@@H](C1)C[C@@]3(C(=C)C)C[C@]2(C)O3,220.182715388,3.9364000000000035,0.0,1.0,9.23,1.0,0.8666666666666667,99.25488936611698,1.8523270435009807,16.0,1.0,0.0
185,[H][C@]1(CC[C@]2(C)CCCC(C)=C2C1)C(C)(C)O,222.198365452,4.064100000000004,1.0,1.0,20.23,1.0,0.8666666666666667,99.94140904233537,2.2455394060250105,16.0,1.0,0.0
186,C[C@@H]1CCC=C([C@@]12CC[C@H](C2)C(C)(C)O)C,222.198365452,3.9200000000000026,1.0,1.0,20.23,1.0,0.8666666666666667,99.94140904233535,2.219749383602689,16.0,1.0,0.0
187,C[C@@H]1CC[C@]2(C)C(=C)C[C@@H]1[C@H]2C(C)(C)O,208.182715388,3.385800000000003,1.0,1.0,20.23,1.0,0.8571428571428571,93.57646692793875,2.41315355117924,15.0,1.0,0.0
188,C[C@H]1CC=CC2[C@@]1(C[C@@H](CC2)C(C)(C)O)C,222.198365452,3.7759000000000027,1.0,1.0,20.23,1.0,0.8666666666666667,99.94140904233534,2.1976480955217106,16.0,1.0,0.0
189,C[C@@H]1CCC=C2[C@]1(C[C@@H](CC2)C(C)(C)O)C,222.198365452,3.9200000000000026,1.0,1.0,20.23,1.0,0.8666666666666667,99.94140904233535,2.227001990487581,16.0,1.0,0.0
190,CC1=CCC[C@]2(C)[C@H]1CC[C@@H](C2)C(C)(C)O,222.198365452,3.920000000000003,1.0,1.0,20.23,1.0,0.8666666666666667,99.94140904233535,2.174761960258485,16.0,1.0,0.0
191,C[C@H]1CC=C(C)[C@]2(C)[C@H]1CC[C@H](C2)C(C)(C)O,236.21401551600002,4.166000000000004,1.0,1.0,20.23,1.0,0.875,106.30635115673196,2.2642896214156902,17.0,1.0,0.0
192,C[C@@H]1C=C(CC[C@H]1C(C)C)C2=C(C[C@H](C2)O)C,234.198365452,4.086100000000004,1.0,1.0,20.23,2.0,0.75,105.61674812454771,2.146010367683275,17.0,1.0,0.0
193,C[C@@H]1CC[C@@H](C2=C(CC[C@H]12)C)C(=O)C=C(C)C,232.182715388,4.294300000000003,0.0,1.0,17.07,2.0,0.6875,104.98403647239546,2.2683546826892407,17.0,1.0,0.0
194,C[C@H]1CC[C@H](C(=C)C)C2=C(C[C@@H](C12)C=O)C,218.167065324,3.760100000000003,0.0,1.0,17.07,2.0,0.6666666666666666,98.61909435799883,2.3681958824708103,16.0,1.0,0.0
195,C[C@@H]1CC[C@@H](CC1=O)C(=C)C,152.120115132,2.567800000000001,0.0,1.0,17.07,1.0,0.7,68.4898179717293,2.527424900472302,11.0,1.0,0.0
196,C[C@@H]1CC(=O)C=C2[C@]1(C[C@@H](CC2)C(=C)C)C,218.167065324,3.904200000000003,0.0,1.0,17.07,1.0,0.6666666666666666,98.61909435799885,2.2991014863147603,16.0,1.0,0.0
197,C(CO)C=O,74.036779432,-0.43230000000000013,1.0,2.0,37.3,2.0,0.6666666666666666,30.424891108862543,2.401715222617197,5.0,2.0,0.0
198,CC1=C(C(CC(C1=O)O)(C)C)/C=C/C(=C/C=C/C(=C/C=C/C=C(\C)/C=C/C=C(\C)/C=C/C2=C(C(=O)C(CC2(C)C)O)C)/C)/C,596.3865601439999,8.905400000000004,2.0,4.0,74.6,10.0,0.4,265.2862095326915,1.9495721118759148,44.0,4.0,0.0
199,[OH-].[Na+],39.99250893199999,-3.1728,0.0,1.0,30.0,0.0,0.0,35.262630811030036,0.0,2.0,1.0,0.0
200,CC1=C(C(=C(C2=C1OC(CC2)(C)CCCC(C)CCCC(C)CCCC(C)C)C)OC(=O)C)C,472.39164552399996,9.059960000000002,0.0,3.0,35.53,13.0,0.7741935483870968,209.93773738494056,1.8212054089992102,34.0,3.0,1.0
201,C1[C@@H]([C@H](OC2=C1C(=CC(=C2[C@@H]3[C@H]([C@H](OC4=CC(=CC(=C34)O)O)C5=CC(=C(C=C5)O)O)O)O)O)C6=CC(=C(C=C6)O)O)O,578.142426272,2.995000000000006,10.0,12.0,220.75999999999996,3.0,0.2,236.95010409798405,1.5531530725245382,42.0,12.0,4.0
202,C1[C@H]([C@H](OC2=CC(=CC(=C21)O)O)C3=CC(=C(C=C3)O)O)O,290.07903816799995,1.5461000000000014,5.0,6.0,110.38000000000001,1.0,0.2,119.66220650570855,1.9978810165902074,21.0,6.0,2.0
203,C1[C@H]([C@H](OC2=C1C(=CC(=C2[C@@H]3[C@H]([C@H](OC4=CC(=CC(=C34)O)O)C5=CC(=C(C=C5)O)O)O)O)O)C6=CC(=C(C=C6)O)O)O,578.142426272,2.995000000000006,10.0,12.0,220.75999999999996,3.0,0.2,236.95010409798405,1.5531530725245382,42.0,12.0,4.0
204,C1=CC=C(C=C1)/C=C/C=O,132.057514876,1.8987,0.0,1.0,17.07,2.0,0.0,59.998148530546295,2.7587670006154434,10.0,1.0,1.0
205,CC(=CCCC(C)(C=C)O)C,154.135765196,2.6698000000000013,1.0,1.0,20.23,4.0,0.6,69.43875774522651,3.705911539178391,11.0,1.0,0.0
206,C/C/1=C/CCC(=C)[C@@H]2CC([C@H]2CC1)(C)C,204.187800768,4.7252000000000045,0.0,0.0,0.0,0.0,0.7333333333333333,94.45757225795508,2.119623126378003,15.0,0.0,0.0
207,C/C/1=C\CC(/C=C/C/C(=C/CC1)/C)(C)C,204.187800768,5.0354000000000045,0.0,0.0,0.0,0.0,0.6,94.77380037930004,2.7906258911225708,15.0,0.0,0.0
208,CC1(C2CCC(C1)(O2)C)C,140.120115132,2.354,0.0,1.0,9.23,0.0,1.0,62.760670865450834,2.251198500040573,10.0,1.0,0.0
209,CCO,46.041864812,-0.0014000000000000123,1.0,1.0,20.23,0.0,1.0,19.89842689442217,1.6329931618554523,3.0,1.0,0.0
210,C1[C@H]([C@H](OC2=CC(=C(C(=C2)O)O)O)C3=CC(=C(C(=C3C1)O)O)O)OC(=O)C4=CC(=C(C(=C4)O)O)O,488.0954760799998,2.328900000000002,9.0,12.0,217.59999999999997,4.0,0.17391304347826086,195.9011872789005,1.7368581649494736,35.0,12.0,3.0
211,C1[C@H]([C@H](OC2=C(C1)C=C(C(=C2)O)O)O)C3=CC(=C(C(=C3)O)O)O,320.0896028519999,1.6418000000000013,6.0,7.0,130.61,1.0,0.25,130.82138237230117,1.9542689657521792,23.0,7.0,2.0
212,CN1C=NC2=C1C(=O)N(C(=O)N2C)C,194.08037556,-1.0293,0.0,3.0,61.82,0.0,0.375,79.02895701814933,3.2212810810845887,14.0,6.0,2.0
213,Oc1cc(O)c2C[C@@H](OC(=O)c3cc(O)c(O)c(O)c3)[C@H](Oc2c1)c4ccc(O)c(O)c4,442.0899967759999,2.5276000000000005,7.0,10.0,177.14,3.0,0.13636363636363635,179.94777766011185,1.7213518502517748,32.0,10.0,3.0
214,C1[C@H]([C@@H](OC2=C(C1)C=C(C(=C2)O)O)O)C3=CC(=C(C(=C3)O)O)O,320.0896028519999,1.6418000000000013,6.0,7.0,130.61,1.0,0.25,130.82138237230117,1.9542689657521792,23.0,7.0,2.0
215,C1[C@H]([C@H](OC2=C(C1)C=C(C(=C2)O)O)O)C3=CC(=C(C=C3)O)O,304.09468823199995,1.9362000000000013,5.0,6.0,110.38000000000001,1.0,0.25,126.02714862010517,1.9253527859782138,22.0,6.0,2.0
216,C1[C@H]([C@@H](OC2=C(C1)C=C(C(=C2)O)O)O)C3=CC(=C(C=C3)O)O,304.09468823199995,1.9362000000000013,5.0,6.0,110.38000000000001,1.0,0.25,126.02714862010517,1.9253527859782138,22.0,6.0,2.0
217,C(CO)O,62.036779432,-1.029,2.0,2.0,40.46,1.0,1.0,24.69266064661818,1.9747448713915894,4.0,2.0,0.0
218,CC(=CCCC(=CCO)C)C,154.135765196,2.671400000000001,1.0,1.0,20.23,4.0,0.6,69.43875774522651,3.54438743137085,11.0,1.0,0.0
219,CC1(C(CC(O1)(C)C=C)O)C,156.115029752,1.4909,1.0,2.0,29.46,1.0,0.7777777777777778,67.8711327389918,2.7836097560276087,11.0,2.0,0.0
220,C1CCC(=O)CC1,98.07316494,1.5196,0.0,1.0,17.07,0.0,0.8333333333333334,43.719652546327126,2.2495440947344703,7.0,1.0,0.0
221,COC(=O)C1=CC=CC=C1O,152.047344116,1.1787999999999998,1.0,3.0,46.53,1.0,0.125,64.23058843003683,3.0326621558006566,11.0,3.0,1.0
222,C1=CC=C(C=C1)CCO,122.07316494,1.2213999999999998,1.0,1.0,20.23,2.0,0.25,54.955521100486195,2.61489994009295,9.0,1.0,1.0
223,CC(=CCCC(=CCCC(=CCO)C)C)C,222.198365452,4.3979000000000035,1.0,1.0,20.23,7.0,0.6,100.5738652850253,3.788179491871102,16.0,1.0,0.0
224,CC(=CCCC(=CC=O)C)C,152.120115132,2.878000000000001,0.0,1.0,17.07,4.0,0.5,68.80604609307427,3.6257596603687854,11.0,1.0,0.0
225,C1=CC=C(C=C1)CO,108.057514876,1.1788999999999998,1.0,1.0,20.23,1.0,0.14285714285714285,48.59057898608958,2.8320858350070903,8.0,1.0,1.0
226,CC1(C)CC(C)=CC(=O)C1,138.104465068,2.3218000000000005,0.0,1.0,17.07,0.0,0.6666666666666666,62.1248758573327,2.798154170206286,10.0,1.0,0.0
227,CC1=CCC2C(C1)C(CC=C2C)C(C)C,204.187800768,4.581100000000004,0.0,0.0,0.0,1.0,0.7333333333333333,94.45757225795508,2.241681365260601,15.0,0.0,0.0
228,CCCCCCC=O,114.104465068,2.1557000000000004,0.0,1.0,17.07,5.0,0.8571428571428571,51.09042581425296,2.616293090417985,8.0,1.0,0.0
229,CC1CCCC1=O,98.07316494,1.3755,0.0,1.0,17.07,0.0,0.8333333333333334,43.71965254632712,2.4784387393909566,7.0,1.0,0.0
230,C1=CC=C(C=C1)CC=O,120.057514876,1.428,0.0,1.0,17.07,2.0,0.125,54.32280944833395,2.719528532842933,9.0,1.0,1.0
231,CC/C=C\CC1=C(C)C(=O)CC1,164.120115132,3.022100000000002,0.0,1.0,17.07,3.0,0.5454545454545454,74.16515705394166,2.5243745075804176,12.0,1.0,0.0
232,[OH-].[K+],55.966446332,-3.1728,0.0,1.0,30.0,0.0,0.0,55.771795883680674,0.0,2.0,1.0,0.0
233,C[C@@H]1C/C=C/C=C/C=C/C=C/[C@@H](C[C@H]2[C@@H]([C@H](C[C@](O2)(C[C@H](C[C@@H]3[C@H](O3)/C=C/C(=O)O1)O)O)O)C(=O)O)O[C@H]4[C@H]([C@H]([C@@H]([C@H](O4)C)O)N)O,665.3047405639999,0.11970000000000436,7.0,13.0,230.98999999999998,3.0,0.6363636363636364,272.9421224712935,1.581968685967691,47.0,14.0,0.0
234,C[N+](C)(C)CC1CO1.[Cl-],151.076391748,-2.9045999999999967,0.0,1.0,12.53,2.0,1.0,62.79457408513834,6.399999024000152e-07,9.0,2.0,0.0
235,C1=CC(=C(C=C1C=O)O)O,138.031694052,0.9102999999999997,2.0,3.0,57.53,1.0,0.0,57.54633483832936,3.158901732156222,10.0,3.0,1.0
236,C=CCN=C=S,99.01427016,1.2752,0.0,2.0,12.36,2.0,0.25,42.39857707190012,3.0739155094200403,6.0,1.0,0.0
237,CC(C(=O)[O-])O.CC(C(=O)[O-])O.CC(C(=O)[O-])O.CC(C(=O)[O-])O.CC(C(=O)[O-])O.CC(C(=O)[O-])O.C([C@H]([C@H]([C@@H]([C@H](C(=O)[O-])O)O)O)O)O.C([C@H]([C@H]([C@@H]([C@H](C(=O)[O-])O)O)O)O)O.C([C@H]([C@H]([C@@H]([C@H](C(=O)[O-])O)O)O)O)O.C([C@H]([C@H]([C@@H]([C@H](C(=O)[O-])O)O)O)O)O.O.O.[Ca+2].[Ca+2].[Ca+2].[Ca+2].[Ca+2],1550.1792091559996,-34.162000000000006,26.0,46.0,990.2800000000003,26.0,0.7619047619047619,684.5023410122978,-4.796711413201638e-08,95.0,48.0,0.0
238,CC1=C(C2=C(CC[C@@](O2)(C)CCC[C@H](C)CCC[C@H](C)CCCC(C)C)C(=C1O)C)C,430.38108084,8.840260000000002,1.0,2.0,29.46,12.0,0.7931034482758621,192.72701957879266,1.7382656832927927,31.0,2.0,1.0
239,CCCCCCCCCCCCCCCCCCOCC(CO)OC(=O)C,386.33960995199993,6.1885000000000066,1.0,4.0,55.76,21.0,0.9565217391304348,167.95082385580852,3.1336156573659,27.0,4.0,0.0
240,C[C@H]1[C@@H]([C@H]([C@H]([C@@H](O1)O[C@@H]2[C@H]([C@@H](O[C@@H]([C@H]2OC(=O)/C=C/C3=CC(=C(C=C3)O)O)CO)OCCC4=CC(=C(C=C4)O)O)O)O)O)O,624.205420452,-1.0159,9.0,15.0,245.28999999999996,10.0,0.4827586206896552,250.86859994840282,1.521903697848605,44.0,15.0,2.0
241,C1=CC(=C(C=C1CCO)O)O,154.06299418,0.6325999999999996,3.0,3.0,60.69,2.0,0.25,64.54398860487821,2.864712197425543,11.0,3.0,1.0
242,C1=CC(=C(C=C1C2=CC(=O)C3=C(C=C(C=C3O2)O[C@H]4[C@@H]([C@H]([C@@H]([C@H](O4)CO)O)O)O)O)O)O,448.10056145999977,-0.2444999999999991,7.0,11.0,190.27999999999997,4.0,0.2857142857142857,179.10704903858522,1.719962206596242,32.0,11.0,3.0
243,C[C@H]1[C@@H]([C@H]([C@H]([C@@H](O1)O[C@@H]2[C@H](OC3=C(C=C(C=C3O)O)C(=O)C=C(O2)C4=CC(=C(C=C4)O)O)CO)O)O)O,522.1373408919999,-0.3271000000000004,8.0,13.0,215.82999999999996,4.0,0.375,209.13611039471695,1.804666443026181,37.0,13.0,2.0
244,C1=CC(=CC=C1C2=CC(=O)C3=C(C=C(C=C3O2)OC4[C@@H]([C@H]([C@@H]([C@H](O4)CO)O)O)O)O)O,432.1056468399998,0.049900000000000166,6.0,10.0,170.04999999999998,4.0,0.2857142857142857,174.31281528638922,1.7056776444529849,31.0,10.0,3.0
245,C1=CC(=CC=C1CCO)O,138.06807956,0.9269999999999994,2.0,2.0,40.46,2.0,0.25,59.749754852682194,2.693803452362809,10.0,2.0,1.0
246,C=CC1=CC=CC=C1,104.062600256,2.3296,0.0,0.0,0.0,1.0,0.0,49.47168431610592,2.9910469146846212,8.0,0.0,1.0
247,C([C@@H]1[C@H]([C@@H]([C@H](C(O1)O)N)O)O)O,179.079372516,-3.254999999999998,5.0,6.0,116.17000000000002,1.0,1.0,69.18850138158699,2.6344089870615974,12.0,6.0,0.0
248,C([C@@H]1[C@H]([C@@H]([C@](O1)(CO)O)O)O)O,180.063388104,-3.219799999999999,5.0,6.0,110.38000000000001,2.0,1.0,68.64284443677028,2.724112234103965,12.0,6.0,0.0
249,C1C(C(OC(=O)C2=CC(=C(C(=C2C3=C(C(=C4C5=C3C(=O)OC6=C(C(=C(C7=C(C(=C(C=C7C(=O)O1)O)O)O)C(=C56)C(=O)O4)O)O)O)O)O)O)O)C8C(OC(=O)C9=CC(=C(C(=C9C1=C(C(=C(C=C1C(=O)O8)O)O)O)O)O)O)C=O)O,1084.0665394960006,1.8012000000000108,17.0,30.0,526.6000000000001,2.0,0.10416666666666667,424.0180003096862,1.296166924570516,78.0,30.0,8.0
250,C1=C2C3=C(C(=C1O)O)OC(=O)C4=CC(=C(C(=C43)OC2=O)O)O,302.00626715199996,1.3128,4.0,8.0,141.34,0.0,0.0,118.56503445172784,2.5540668740409904,22.0,8.0,4.0
251,COC1=C(C=CC(=C1)C(=O)O)O,168.042258736,1.099,2.0,3.0,66.76,2.0,0.125,69.02482218223285,3.134300249949543,12.0,4.0,1.0
252,C1=CC(=C(C=C1C2=CC(=O)C3=C(C=C(C=C3O2)O)O)O)O,286.04773803999996,2.2824000000000018,4.0,6.0,111.13000000000001,1.0,0.0,117.31343579013308,2.2943459565950692,21.0,6.0,3.0
253,CC(=O)OCC1C(C(C(C(O1)OC2=CC3=C(C=C(C=C3[O+]=C2C4=CC(=C(C(=C4)OC)O)OC)O)O)O)O)O,535.1446173440897,1.2643999999999997,6.0,12.0,195.89999999999998,7.0,0.36,215.11321943249632,1.8309806751209172,38.0,13.0,3.0
254,C1[C@H]([C@H](OC2=CC(=CC(=C21)O)O)C3=CC(=C(C=C3)O)O)OC(=O)C4=CC(=C(C(=C4)O)O)O,442.08999677599985,2.5276000000000027,7.0,10.0,177.14,3.0,0.13636363636363635,179.94777766011185,1.7213518502517746,32.0,10.0,3.0
255,CCCCCCCCCCCCCCCCCC(=O)OCC(CO)O,358.30830982399993,5.1443000000000065,2.0,4.0,66.76,19.0,0.9523809523809523,154.9016281497044,3.124618448682083,25.0,4.0,0.0
256,C[N+](C)(C)CCO.[Cl-],139.076391748,-3.3110999999999975,1.0,1.0,20.23,2.0,1.0,57.1161516469601,0.0,8.0,2.0,0.0
257,CC1=C(C(C[C@@H](C1=O)O)(C)C)/C=C/C(=C/C=C/C(=C/C=C/C=C(/C=C/C=C(/C=C/C2=C(C(=O)[C@H](CC2(C)C)O)C)\C)\C)/C)/C,596.3865601439999,8.905400000000004,2.0,4.0,74.6,10.0,0.4,265.2862095326915,1.9495721118759148,44.0,4.0,0.0
258,C[C@H]1[C@@H]([C@H]([C@H]([C@@H](O1)OC[C@@H]2[C@H]([C@@H]([C@H]([C@@H](O2)OC3=CC(=C4C(=O)C[C@H](OC4=C3)C5=CC(=C(C=C5)OC)O)O)O)O)O)O)O)O,610.1897703879999,-1.1566,8.0,15.0,234.28999999999996,7.0,0.5357142857142857,244.50674118997213,1.3039965777101097,43.0,15.0,2.0
259,COC1=C(C=C(C=C1)C2=CC(=O)C3=C(O2)C(=C(C(=C3OC)OC)OC)OC)OC,402.1314676639999,3.5116000000000014,0.0,8.0,85.59000000000002,7.0,0.2857142857142857,167.00742484477,2.382202052707126,29.0,8.0,3.0
260,COC1=CC=C(C=C1)C2=CC(=O)C3=C(O2)C(=C(C(=C3OC)OC)OC)OC,372.1209029799999,3.503000000000001,0.0,7.0,76.36000000000001,6.0,0.25,155.52893750086648,2.3756718630013736,27.0,7.0,3.0
261,C1=CC=C(C=C1)C(=O)[O-].[Na+],144.01872368,-2.945899999999999,0.0,2.0,40.129999999999995,1.0,0.0,81.1655007088453,8.099998872750161e-07,10.0,2.0,1.0
262,CCCCCCCCCCCCCCCCCC(=O)OCCOCC(C1C(C(CO1)OCCOC)OCCOC)OCCOC,648.4812483759998,6.301300000000007,0.0,10.0,100.14000000000003,34.0,0.9714285714285714,274.3248809293908,2.190749814283709,45.0,10.0,0.0
263,OC(=O)C1OC(=O)C@H[C@H]1C(O)C(=O)O,,,,,,,,,,,,
264,OC(=O)C(O)C(O)C(=O)O,150.016437912,-2.1226,4.0,4.0,115.06000000000002,3.0,0.5,55.33405657989094,4.069511908932012,10.0,6.0,0.0
265,C1=C(C=C(C(=C1O)O)O)C2=[O+]C3=CC(=CC(=C3C=C2OC4C(C(C(C(O4)CO)O)OC5C(C(C(O5)O)O)O)O)O)O,583.1293612040898,-1.4915999999999996,11.0,15.0,270.74999999999994,6.0,0.4,228.80348971039646,1.5468171293417448,41.0,16.0,3.0
266,C1=CC(=C(C=C1C2=[O+]C3=CC(=CC(=C3C=C2OC4C(C(C(C(O4)CO)O)OC5C(C(C(O5)O)O)O)O)O)O)O)O,567.1344465840897,-1.1971999999999985,10.0,14.0,250.51999999999995,6.0,0.4,224.0092559582004,1.526975622022073,40.0,15.0,3.0
267,OC1=CC2=C(C(O)=C1)C(=O)C(OC3=CC(O)C(O)C(O)O3)=C(C2=O)C4=CC=C(O)C=C4,428.0743467119999,0.5220999999999998,6.0,10.0,173.98,3.0,0.14285714285714285,173.69764515598084,1.890139739387461,31.0,10.0,2.0
268,OC1=CC=C(C=C1)C2=C(O)C(=O)C3=C(O2)C=C(O)C=C3O,286.04773804,2.2823999999999995,4.0,6.0,111.13000000000001,1.0,0.0,117.31343579013307,2.372496567253774,21.0,6.0,3.0
269,OC1=CC(O)=C2C(=O)C(OC3OC(CO)C(O)C(O)C3O)=C(OC2=C1)C4=CC(O)=C(O)C(O)=C4,480.0903906999999,-0.8333000000000006,9.0,13.0,230.73999999999998,4.0,0.2857142857142857,188.69551654297732,1.935379928730085,34.0,13.0,3.0
270,OC(=O)CCC1=CC(O)=C(O)C=C1,182.0579088,1.115,3.0,3.0,77.76,3.0,0.2222222222222222,75.0704528193186,2.681973448630822,13.0,4.0,1.0
271,OC(=O)C1=CC(O)=C(O)C=C1,154.026608672,0.7959999999999998,3.0,3.0,77.76,1.0,0.0,62.34056859052537,3.1515496683060507,11.0,4.0,1.0
272,OCC@H[C@@H]1OC(=O)C(O)=C1O,,,,,,,,,,,,
273,OC[C@H]1OC(O)C@@HC@H[C@@H]1O,,,,,,,,,,,,
274,OCC1OC(O)C(O)C(O)C1O,180.063388104,-3.2214000000000005,5.0,6.0,110.38000000000001,1.0,1.0,68.64284443677029,2.6344089870615974,12.0,6.0,0.0
275,OC1=CC(O)=C2C(=O)C(O)=C(OC2=C1O)C3=CC(O)=C(O)C=C3,318.03756727999996,1.6935999999999998,6.0,8.0,151.59,1.0,0.0,126.9019032945251,2.4336219601132023,23.0,8.0,3.0
276,OC1=CC(O)=C2C(=O)C(O)=C(OC2=C1O)C3=CC(O)=C(O)C(O)=C3,334.03248189999994,1.3991999999999998,7.0,9.0,171.82,1.0,0.0,131.6961370467211,2.449103596164197,24.0,9.0,3.0
277,OC1=CC=C(C=C1)C=CC(=O)OC2C@HC(O)C@@HC@H[C@H]2C(=O)O,,,,,,,,,,,,
278,CC(=O)CCC(=O)O,116.047344116,0.4402,1.0,2.0,54.370000000000005,3.0,0.6,47.31629743769952,3.1818458670936187,8.0,3.0,0.0
279,CCCCCCCCCCCCCCCCCCCCCCCCCCCCCCOC(=O)CCCCCCCCCCCCCCC,676.7097321839999,16.953599999999966,0.0,2.0,26.3,43.0,0.9782608695652174,304.4367135052275,3.1216639236606976,48.0,2.0,0.0
280,CC[C@H](CC[C@@H](C)[C@H]1CC[C@@H]2[C@@]1(CC[C@H]3[C@H]2CC=C4[C@@]3(CC[C@@H](C4)O)C)C)C(C)C,414.38616621999995,8.02480000000001,1.0,1.0,20.23,6.0,0.9310344827586207,187.03893633682944,1.47314600381298,30.0,1.0,0.0
281,CCCCCCCC(=O)OCC(COC(=O)CCCCCCC)OC(=O)CCCCCCC,470.36073931999994,7.066100000000009,0.0,6.0,78.9,23.0,0.8888888888888888,202.05294799079334,4.367407054130716,33.0,6.0,0.0
282,COc1cc(cc(O)c1O)C2=[O+]C3=CC(=CC(=C3C=C2OC4C(C(C(C(O4)CO)O)OC5C(C(C(C(O5)COC(=O)C=Cc6cc(OC)c(O)cc6)O)O)OC(=O)C=Cc7cc(O)c(O)cc7)O)OC8C(C(C(C(O8)CO)O)O)O)O,1141.30308760409,-0.6581000000000001,15.0,27.0,441.1900000000001,18.0,0.37735849056603776,456.55296532088556,1.128217278402881,81.0,28.0,5.0
283,COc1cc(cc(O)c1O)C2=[O+]C3=CC(=CC(=C3C=C2OC4C(C(C(C(O4)CO)O)OC5C(C(C(C(O5)COC(=O)C=Cc6cc(O)c(O)cc6)O)O)O)O)OC7C(C(C(C(O7)CO)O)O)O)O,965.2557434880903,-2.636599999999998,15.0,24.0,405.6600000000001,14.0,0.4418604651162791,382.3370931303619,1.182939656925417,68.0,25.0,4.0
284,COc1cc(cc(O)c1O)C2=[O+]C3=CC(=CC(=C3C=C2OC4C(C(C(C(O4)CO)O)OC5C(C(C(C(O5)COC(=O)C=Cc6cc(O)c(O)cc6)O)O)OC(=O)C=Cc7cc(O)cc(O)c7)O)OC8C(C(C(C(O8)CO)O)O)O)O,1127.28743754009,-0.9611000000000005,16.0,27.0,452.1900000000001,17.0,0.36538461538461536,449.86871172917813,1.1319397210861406,80.0,28.0,5.0
285,Oc1cc(cc(O)c1O)C2=[O+]C3=CC(=CC(=C3C=C2OC4C(C(C(C(O4)CO)O)OC5C(C(C(C(O5)COC(=O)C=Cc6cc(O)c(O)cc6)O)O)OC(=O)C=Cc7cc(O)cc(O)c7)O)OC8C(C(C(C(O8)CO)O)O)O)O,1113.27178747609,-1.2640999999999993,17.0,27.0,463.1900000000001,16.0,0.35294117647058826,443.18445813747064,1.1237958215121304,79.0,28.0,5.0
286,COc1cc(cc(O)c1O)C2=[O+]C3=CC(=CC(=C3C=C2OC4C(C(C(C(O4)CO)O)OC5C(C(C(C(O5)COC(=O)Cc6ccc(O)cc6)O)O)O)O)OC7C(C(C(C(O7)CO)O)O)O)O,937.2608288680902,-2.812899999999996,14.0,23.0,385.43000000000006,14.0,0.47619047619047616,371.86752029595345,1.1960363187256624,66.0,24.0,4.0
287,Oc1cc(cc(O)c1O)C2=[O+]C3=CC(=CC(=C3C=C2OC4C(C(C(C(O4)CO)O)OC5C(C(C(C(O5)COC(=O)C=Cc6cc(OC)c(O)cc6)O)O)OC(=O)C=Cc7cc(O)c(O)cc7)O)OC8C(C(C(C(O8)CO)O)O)O)O,1127.28743754009,-0.9611000000000001,16.0,27.0,452.1900000000001,17.0,0.36538461538461536,449.8687117291781,1.1201168763026987,80.0,28.0,5.0
288,Oc1cc(cc(O)c1O)C2=[O+]C3=CC(=CC(=C3C=C2OC4C(C(C(C(O4)CO)O)OC5C(C(C(C(O5)COC(=O)C=Cc6cc(O)c(O)cc6)O)O)O)O)OC7C(C(C(C(O7)CO)O)O)O)O,951.2400934240902,-2.9395999999999973,16.0,24.0,416.6600000000001,13.0,0.42857142857142855,375.6528395386544,1.1723506170355966,67.0,25.0,4.0
289,COc1cc(cc(O)c1O)C2=[O+]C3=CC(=CC(=C3C=C2OC4C(C(C(C(O4)CO)O)OC5C(C(C(C(O5)CO)O)O)O)O)OC6C(C(C(C(O6)CO)O)O)O)O,803.2240494360901,-4.312099999999993,14.0,21.0,359.13000000000005,11.0,0.5588235294117647,314.8054745315454,1.4225787073746472,56.0,22.0,3.0
290,Oc1cc(cc(O)c1O)C2=[O+]C3=CC(=CC(=C3C=C2OC4C(C(C(C(O4)CO)O)OC5C(C(C(C(O5)CO)O)O)O)O)OC6C(C(C(C(O6)CO)O)O)O)O,789.2083993720902,-4.615099999999991,15.0,21.0,370.13000000000005,10.0,0.5454545454545454,308.121220939838,1.4100704528392967,55.0,22.0,3.0
291,OC(=O)C1C(O)C(O)C(OC(=O)C=Cc2cc(O)c(O)cc2)C(OC(=O)C=Cc3cc(O)c(O)cc3)C1,516.1267762079999,0.8854999999999997,7.0,11.0,211.27999999999997,7.0,0.24,209.1190006193363,1.7516648536608337,37.0,12.0,2.0
292,OC(=O)C1C(O)C(O)C(OC(=O)C=Cc2cc(O)c(O)cc2)C(O)C1OC(=O)C=Cc3cc(O)c(O)cc3,532.1216908279999,-0.1437000000000005,8.0,12.0,231.50999999999996,7.0,0.24,213.9132343715323,1.7563462384568371,38.0,13.0,2.0
293,OC(=O)C1C(O)C(OC(=O)C=Cc2cc(O)c(O)cc2)C(O)C(O)C1,354.09508215599993,-0.7900000000000005,6.0,8.0,164.75,4.0,0.375,141.58738202052004,2.0760201888967713,25.0,9.0,1.0
294,OC(=O)C=Cc1cc(O)c(O)cc1,180.042258736,1.1956,3.0,3.0,77.76,2.0,0.0,74.38084978713434,2.9151150806659265,13.0,4.0,1.0
295,COc1cc(C=CC(=O)O)ccc1O,194.0579088,1.4986,2.0,3.0,66.76,3.0,0.1,81.06510337884181,2.9485073365729093,14.0,4.0,1.0
296,OC(=O)c1ccc(O)cc1,138.031694052,1.0903999999999998,2.0,2.0,57.53,1.0,0.0,57.54633483832936,3.003400684579818,10.0,3.0,1.0
297,OC1(CC(O)C(O)C(O)C1)C(=O)O,192.063388104,-2.3214000000000006,5.0,5.0,118.22000000000001,1.0,0.8571428571428571,74.05576342170377,2.7866006884073427,13.0,6.0,0.0
298,[Ag],106.905097,-0.0025,0.0,0.0,0.0,0.0,0.0,23.001880613197383,0.0,1.0,0.0,0.0
299,OC(=O)C[C@H](N)C(=O)O,133.037507704,-1.1270000000000002,3.0,3.0,100.61999999999999,3.0,0.5,51.08547977251164,3.6324321519398444,9.0,5.0,0.0
300,OC[C@H](N)C(=O)O,105.042593084,-1.609399999999999,3.0,3.0,83.55,2.0,0.6666666666666666,40.559015558071266,3.3434170589539596,7.0,4.0,0.0
301,N=C(N)NCCC[C@H](N)C(=O)O,174.111675688,-1.338429999999999,5.0,3.0,125.22000000000001,5.0,0.6666666666666666,70.43471202895063,3.3118352065890764,12.0,6.0,0.0
302,Oc1ccc(cc1)C[C@H](N)C(=O)O,181.073893212,0.3466000000000001,3.0,3.0,83.55,3.0,0.2222222222222222,75.61610976413532,2.641763904889644,13.0,4.0,1.0
303,NCCCC[C@H](N)C(=O)O,146.105527688,-0.4726999999999995,3.0,3.0,89.34,5.0,0.8333333333333334,60.199498846077795,3.2148768968244483,10.0,4.0,0.0
304,OC(=O)CC[C@H](N)C(=O)O,147.053157768,-0.7368999999999997,3.0,3.0,100.61999999999999,4.0,0.6,57.450421886908245,3.4907296603908136,10.0,5.0,0.0
305,OC(=O)[C@@H]1CCCN1,115.063328528,-0.177,2.0,2.0,49.33,1.0,0.8,47.69880636773457,2.34993673877678,8.0,3.0,0.0
306,NC(=O)C[C@H](N)C(=O)O,132.053492116,-1.7263000000000002,3.0,3.0,106.41000000000001,3.0,0.5,51.63113671732834,3.6324321519398444,9.0,5.0,0.0
307,C[C@H](O)[C@@H](C(=O)O)N,119.058243148,-1.2208999999999997,3.0,3.0,83.55,2.0,0.75,46.92395767246788,3.6376825478398387,8.0,4.0,0.0
308,c1ccc(cc1)C[C@H](N)C(=O)O,165.078978592,0.641,2.0,2.0,63.32000000000001,3.0,0.2222222222222222,70.82187601193928,2.584604082397521,12.0,3.0,1.0
309,c1c([nH]cn1)C[C@H](N)C(=O)O,155.069476528,-0.6359000000000004,3.0,3.0,92.00000000000001,3.0,0.3333333333333333,63.25068441390008,2.4987607772382443,11.0,5.0,1.0
310,CSCC[C@H](N)C(=O)O,149.051049592,0.1513999999999998,2.0,3.0,63.32000000000001,4.0,0.8,58.61777606003371,3.2659073992264416,9.0,3.0,0.0
311,NC(=O)CC[C@H](N)C(=O)O,146.06914218,-1.3361999999999998,3.0,3.0,106.41000000000001,4.0,0.6,57.996078831724944,3.4907296603908136,10.0,5.0,0.0
312,C=CCSSCC=C,146.02239232,2.7398000000000016,0.0,2.0,0.0,5.0,0.3333333333333333,58.830937672524215,2.7079488122831483,8.0,0.0,0.0
313,C=CCSSSCC=C,177.99446332,3.3880000000000017,0.0,3.0,0.0,6.0,0.3333333333333333,68.35400978423912,2.7360228770128336,9.0,0.0,0.0
314,C=CCSSSC,151.978813256,2.831800000000001,0.0,3.0,0.0,4.0,0.5,56.31372858763016,2.558780869327957,7.0,0.0,0.0
315,C=CCSCC=C,114.05032132,2.0916,0.0,1.0,0.0,4.0,0.3333333333333333,49.30786556080932,2.679549206552144,7.0,0.0,0.0
316,C=CCSSSSCC=C,209.96653432,4.036200000000002,0.0,4.0,0.0,7.0,0.3333333333333333,77.87708189595402,2.7621442852888047,10.0,0.0,0.0
317,C=CCSSC,120.006742256,2.1836,0.0,2.0,0.0,3.0,0.5,46.790656475915256,2.488403771876112,6.0,0.0,0.0
318,C[C@H]1[C@H]([C@H]([C@@H]([C@@H](O1)O)O)O)O,164.068473484,-2.1938,4.0,5.0,90.15,0.0,1.0,63.84861068457427,2.6253583320368565,11.0,5.0,0.0
319,C1=CC(=C(C=C1C(=O)O)O)O,154.026608672,0.7959999999999998,3.0,3.0,77.76,1.0,0.0,62.34056859052537,3.1515496683060507,11.0,4.0,1.0
320,C1[C@H]([C@H]([C@@H](C[C@@]1(C(=O)O)O)OC(=O)/C=C\C2=CC(=C(C=C2)O)O)O)O,354.09508215599993,-0.6459000000000001,6.0,8.0,164.75,4.0,0.375,141.58738202052004,2.05888368559587,25.0,9.0,1.0
321,CC(C)CC(N)C(=O)O,131.094628656,0.44439999999999996,2.0,2.0,63.32000000000001,3.0,0.8333333333333334,54.859608149065075,3.5016884512730915,9.0,3.0,0.0
322,NC(CCCN=C(N)N)C(=O)O,174.111675688,-1.548099999999999,4.0,3.0,127.71999999999998,5.0,0.6666666666666666,70.43471202895064,3.4399088073379387,12.0,6.0,0.0
323,NCCCCC(N)C(=O)O,146.105527688,-0.4726999999999995,3.0,3.0,89.34,5.0,0.8333333333333334,60.199498846077795,3.2148768968244483,10.0,4.0,0.0
324,NC(CC1=CC=CC=C1)C(=O)O,165.078978592,0.641,2.0,2.0,63.32000000000001,3.0,0.2222222222222222,70.82187601193928,2.58460408239752,12.0,3.0,1.0
325,C1CC(NC1)C(=O)O,115.063328528,-0.17700000000000032,2.0,2.0,49.33,1.0,0.8,47.69880636773457,2.3499367387767807,8.0,3.0,0.0
326,CC(C)C(N)C(=O)O,117.078978592,0.05430000000000007,2.0,2.0,63.32000000000001,2.0,0.8,48.49466603466847,3.6376825478398387,8.0,3.0,0.0
327,CCC(C)C(N)C(=O)O,131.094628656,0.44439999999999996,2.0,2.0,63.32000000000001,3.0,0.8333333333333334,54.859608149065075,3.7161367711827205,9.0,3.0,0.0
328,CC(N)C(=O)O,89.047678464,-0.5817999999999999,2.0,2.0,63.32000000000001,1.0,0.6666666666666666,35.76478180587526,3.2575861612334887,6.0,3.0,0.0
329,NC(CC1=CC=C(O)C=C1)C(=O)O,181.073893212,0.3466,3.0,3.0,83.55,3.0,0.2222222222222222,75.6161097641353,2.641763904889644,13.0,4.0,1.0
330,CC(O)C(N)C(=O)O,119.058243148,-1.2208999999999997,3.0,3.0,83.55,2.0,0.75,46.92395767246788,3.6376825478398387,8.0,4.0,0.0
331,NC(CC1=CN=CN1)C(=O)O,155.069476528,-0.6359000000000001,3.0,3.0,92.0,3.0,0.3333333333333333,63.250684413900096,2.4987607772382447,11.0,5.0,1.0
332,CSCCC(N)C(=O)O,149.051049592,0.1513999999999998,2.0,3.0,63.32000000000001,4.0,0.8,58.61777606003371,3.2659073992264416,9.0,3.0,0.0
333,NC(CC1=CNC2=C1C=CC=C2)C(=O)O,204.089877624,1.1223,3.0,2.0,79.11,3.0,0.18181818181818182,86.71270096468882,2.3234873713898962,15.0,4.0,2.0
334,NC(CS)C(=O)O,121.019749464,-0.6719000000000002,3.0,3.0,63.32000000000001,2.0,0.6666666666666666,46.91984846927698,3.3434170589539596,7.0,3.0,0.0
335,C1=C(C2=C(C(=C1O)O)C(=O)OC3C(C(OC(=O)C4=CC(=C(C(=C4C5=C(C(=O)OC3O2)C(=C(C=C5)O)O)O)O)O)OC(=O)C6=CC(=C(C7=C6C8=C(C(=O)OC9C(C(OC7=O)C(=O)O9)O)C(=C(C=C8)O)O)O)O)O)O,1020.0716248760003,0.24270000000000153,14.0,29.0,476.5500000000001,2.0,0.1590909090909091,399.90393399829435,1.2669294512645723,73.0,29.0,5.0
336,NC(CCCNC(N)=N)C(=O)O,174.111675688,-1.338429999999999,5.0,3.0,125.21999999999998,5.0,0.6666666666666666,70.43471202895064,3.3118352065890755,12.0,6.0,0.0
337,NC(Cc1ccccc1)C(=O)O,165.078978592,0.641,2.0,2.0,63.32000000000001,3.0,0.2222222222222222,70.82187601193928,2.58460408239752,12.0,3.0,1.0
338,NC(Cc1ccc(O)cc1)C(=O)O,181.073893212,0.3466,3.0,3.0,83.55,3.0,0.2222222222222222,75.6161097641353,2.641763904889644,13.0,4.0,1.0
339,NC(Cc1c[nH]cn1)C(=O)O,155.069476528,-0.6359000000000001,3.0,3.0,92.00000000000001,3.0,0.3333333333333333,63.250684413900096,2.4987607772382447,11.0,5.0,1.0
340,NC(Cc1c[nH]c2ccccc12)C(=O)O,204.089877624,1.1223000000000003,3.0,2.0,79.11,3.0,0.18181818181818182,86.71270096468879,2.3234873713898962,15.0,4.0,2.0
341,C([C@@H]1[C@H]([C@@H]([C@@H](C(O1)O)O)O)O)O,180.063388104,-3.2213999999999987,5.0,6.0,110.38000000000001,1.0,1.0,68.64284443677028,2.6344089870615974,12.0,6.0,0.0
342,C1[C@H]([C@@H]([C@@H](C(O1)O)O)O)O,150.05282342,-2.5823,4.0,5.0,90.15,0.0,1.0,57.48366857017767,2.515835979311492,10.0,5.0,0.0
343,O=C(O)[C@@H]1O[C@H](O)[C@H](O)[C@@H](O)[C@@H]1O,194.04265266,-3.1291000000000007,5.0,6.0,127.45000000000002,1.0,0.8333333333333334,72.80436653681406,2.757578124770353,13.0,7.0,0.0
344,C([C@@H]1[C@H]([C@@H](C(O1)(CO)O)O)O)O,180.063388104,-3.219799999999999,5.0,6.0,110.38000000000001,2.0,1.0,68.64284443677028,2.724112234103965,12.0,6.0,0.0
345,O=C(O)[C@H]1O[C@@H](O)[C@H](O)[C@@H](O)[C@@H]1O,194.04265266,-3.1291000000000007,5.0,6.0,127.45000000000002,1.0,0.8333333333333334,72.80436653681406,2.757578124770353,13.0,7.0,0.0
346,C([C@@H]1[C@@H]([C@@H]([C@H](C(O1)O)O)O)O)O,180.063388104,-3.2213999999999987,5.0,6.0,110.38000000000001,1.0,1.0,68.64284443677028,2.6344089870615974,12.0,6.0,0.0
347,C[C@H]1[C@@H]([C@H]([C@H](C(O1)O)O)O)O,164.068473484,-2.1938,4.0,5.0,90.15,0.0,1.0,63.84861068457427,2.6253583320368565,11.0,5.0,0.0
348,C([C@@H]1[C@H]([C@@H]([C@H](C(O1)O)O)O)O)O,180.063388104,-3.2213999999999987,5.0,6.0,110.38000000000001,1.0,1.0,68.64284443677028,2.6344089870615974,12.0,6.0,0.0
349,CC(=O)OCC(CO)O,134.0579088,-1.0973000000000002,2.0,4.0,66.76,3.0,0.8,53.06255431935865,3.161595073135587,9.0,4.0,0.0
350,CC(C)CCC[C@@H](C)CCC[C@@H](C)CCC[C@]1(C)CCc2c(C)c(OC(C)=O)c(C)c(C)c2O1,472.3916455239999,9.059960000000004,0.0,3.0,35.53,13.0,0.7741935483870968,209.93773738494062,1.8212054089992105,34.0,3.0,1.0
351,O=[Se](O)O,129.916915224,-1.6136000000000001,2.0,1.0,57.53,0.0,0.0,27.61387238727466,2.8030394876740514,4.0,3.0,0.0
352,[O-]P1(=O)OP(=O)(OP(=O)(O1)[O-])[O-].[Na+].[Na+].[Na+],305.84482431000004,-10.533000000000001,0.0,9.0,148.08,0.0,0.0,150.9808455965735,-4.79999961800003e-07,15.0,9.0,0.0
353,CCCCC/C=C\C/C=C\CCCCCCCC(=O)O,280.240230264,5.884500000000005,1.0,1.0,37.3,14.0,0.7222222222222222,124.51981676044319,3.1737658828976505,20.0,2.0,0.0
354,CC/C=C\C/C=C\C/C=C\CCCCCCCC(=O)O,278.2245802,5.660500000000005,1.0,1.0,37.3,13.0,0.6111111111111112,123.83021372825894,3.2329128954416952,20.0,2.0,0.0
355,CCCCCCC/C=C\CCCCCCCC(=O)O,268.240230264,5.718400000000005,1.0,1.0,37.3,14.0,0.8235294117647058,118.84447767823085,3.0620858414920895,19.0,2.0,0.0
356,CCCCCCCCCCCCCCCCCCCC(=O)O,312.30283052,7.112700000000007,1.0,1.0,37.3,18.0,0.95,138.6289070536049,2.953023693552656,22.0,2.0,0.0
357,CCCCCCCCCC/C=C\CCCCCCCC(=O)O,310.287180456,6.888700000000007,1.0,1.0,37.3,17.0,0.85,137.93930402142064,3.070211913410171,22.0,2.0,0.0
358,CC1(C)CCCC2(C)C1CCC3(C)C2CCC45C3CC=C(C4)C(C)C5(C)C(C)CCCC(C)C,466.453851856,10.470299999999993,0.0,0.0,0.0,5.0,0.9411764705882353,213.06358200308728,1.5045400578526669,34.0,0.0,0.0
359,CCC@HC(C)C,,,,,,,,,,,,
360,CC@HC(C)C,,,,,,,,,,,,
361,CC1=C(C)C2=C(CCC(C)(CCCC(C)CCCC(C)CCCC(C)C)O2)C=C1O,416.3654307759999,8.531840000000003,1.0,2.0,29.46,12.0,0.7857142857142857,186.36207746439604,1.6909527051875515,30.0,2.0,1.0
362,CC(C)=CCCC(C)=CCCC(C)=CCCC=C(C)CCC=C(C)CCC=C(C)C,410.3912516,10.60499999999999,0.0,0.0,0.0,15.0,0.6,189.18495415222569,4.050488145915912,30.0,0.0,0.0
363,C1=CC(=C(C=C1C=CC(=O)OC2CC(CC(C2O)O)(C(=O)O)O)O)O,354.0950821559999,-0.6459000000000008,6.0,8.0,164.75,4.0,0.375,141.58738202052004,2.0588836855958705,25.0,9.0,1.0
364,CC1OC(OC[C@H]2OC(OC3=C(OC4=CC(O)=CC(O)=C4C3=O)C5=CC=C(O)C(O)=C5)C(O)C(O)C2O)C(O)C(O)C1O,610.15338488,-1.687100000000001,10.0,16.0,269.42999999999995,6.0,0.4444444444444444,240.9006622870374,1.478468714116342,43.0,16.0,3.0
365,C1=CC(=C(C=C1C2=C(C(=O)C3=C(C=C(C=C3O2)O)O)OC4C(C(C(C(O4)CO)O)O)O)O)O,464.0954760799998,-0.5388999999999997,8.0,12.0,210.50999999999996,4.0,0.2857142857142857,183.90128279078124,1.9090272550053893,33.0,12.0,3.0
366,C1=CC(=CC=C1C2=C(C(=O)C3=C(C=C(C=C3O2)O)O)OC4C(C(C(C(O4)CO)O)O)O)O,448.1005614599998,-0.24450000000000044,7.0,11.0,190.27999999999997,4.0,0.2857142857142857,179.10704903858525,1.8857079372226564,32.0,11.0,3.0
367,C1=CC(=C(C=C1C=CC(=O)O)O)O,180.042258736,1.1955999999999996,3.0,3.0,77.76,2.0,0.0,74.38084978713434,2.915115080665927,13.0,4.0,1.0
368,COC1=C(C=C(C=C1)C=CC(=O)O)O,194.0579088,1.4986,2.0,3.0,66.76,3.0,0.1,81.06510337884183,2.914616137411201,14.0,4.0,1.0
369,C1=CC(=C(C(=C1)O)O)C(=O)O,154.026608672,0.7959999999999998,3.0,3.0,77.76,1.0,0.0,62.34056859052537,3.273580821537543,11.0,4.0,1.0
370,C1C(C(OC2=CC(=CC(=C21)O)O)C3=CC(=C(C=C3)O)O)O,290.07903816799995,1.5461000000000014,5.0,6.0,110.38000000000001,1.0,0.2,119.66220650570855,1.9978810165902074,21.0,6.0,2.0
371,COC1=CC(=CC=C1O)C(=O)O,168.042258736,1.099,2.0,3.0,66.76,2.0,0.125,69.02482218223285,3.1343002499495434,12.0,4.0,1.0
372,O[C@@H]1C@@HOC(O[C@H]1O)c2c(oc3cc(O)cc(O)c3c2=O)-c4ccc(O)c(O)c4,,,,,,,,,,,,
373,OCC1OC@@HC@@H[C@@H]1O,,,,,,,,,,,,
374,C[C@H]1OC@@HC@HC@@H[C@H]1O,,,,,,,,,,,,
375,OCC1OC@@HC@HC@@H[C@H]1O,,,,,,,,,,,,
376,OCC1OC@@HC@HC@@H[C@@H]1O,,,,,,,,,,,,
377,Oc1cc(O)c2c(c1)oc(c(O)c2=O)-c3ccc(O)c(O)c3,302.04265266,1.9879999999999993,5.0,7.0,131.36,1.0,0.0,122.10766954232909,2.3772579684492388,22.0,7.0,3.0
378,Oc1cc(O)c2c(c1)OC(c3ccc(O)c(O)c3)C(O)C2,290.079038168,1.5460999999999998,5.0,6.0,110.38000000000001,1.0,0.2,119.66220650570855,1.9978810165902074,21.0,6.0,2.0
379,Oc1cc(O)c2c(c1)OC(c3ccc(O)c(O)c3)C@@HC2,,,,,,,,,,,,
380,OC(=O)c1cc(O)c(O)c(O)c1,170.021523292,0.5015999999999998,4.0,4.0,97.99000000000001,1.0,0.0,67.13480234272139,3.306535412749064,12.0,5.0,1.0
381,O=C1Oc2c(O)c(O)cc3c2-c4c1cc(O)c(O)c4C(=O)O3,302.00626715199996,1.3128000000000002,4.0,8.0,141.34000000000003,0.0,0.0,118.56503445172784,2.5569083453386927,22.0,8.0,4.0
382,OC(=O)CC(O)C1=CC(O)=C(O)C=C1,198.05282342,0.6058999999999999,4.0,4.0,97.99000000000001,3.0,0.2222222222222222,79.86468657151461,2.8522277226575987,14.0,5.0,1.0
383,OC(=O)/C=C/c1ccc(O)c(O)c1,180.042258736,1.1956,3.0,3.0,77.76,2.0,0.0,74.38084978713434,2.915115080665927,13.0,4.0,1.0
384,OC(=O)/C=C/c1cc(O)c(OC)cc1,194.0579088,1.4986,2.0,3.0,66.76,3.0,0.1,81.06510337884183,2.9146161374112007,14.0,4.0,1.0
385,Oc1cc(O)c2c(c1)oc(c(O)c2=O)-c3cc(O)c(O)c(O)c3,318.03756727999996,1.6935999999999993,6.0,8.0,151.59,1.0,0.0,126.9019032945251,2.3951104010988047,23.0,8.0,3.0
386,Oc1cc(O)c2c(c1)oc(c(O)c2=O)-c3ccc(O)cc3,286.04773804,2.282399999999999,4.0,6.0,111.13000000000001,1.0,0.0,117.31343579013308,2.3724965672537746,21.0,6.0,3.0
387,OC(=O)c1cc(O)c(O)cc1,154.026608672,0.7959999999999998,3.0,3.0,77.76,1.0,0.0,62.34056859052537,3.1515496683060507,11.0,4.0,1.0
388,CC1OC(OCC2OC(Oc3c(oc4cc(O)cc(O)c4c3=O)-c5ccc(O)c(O)c5)C(O)C(O)C2O)C(O)C(O)C1O,610.15338488,-1.687100000000001,10.0,16.0,269.42999999999995,6.0,0.4444444444444444,240.9006622870374,1.478468714116342,43.0,16.0,3.0
389,Oc1cc(O)c2c(c1)oc(cc2=O)-c3ccc(O)cc3,270.05282342000004,2.5768000000000004,3.0,5.0,90.9,1.0,0.0,112.51920203793708,2.2893972855172384,20.0,5.0,3.0
390,CC1OC(OCC2OC(Oc3c(oc4cc(O)cc(O)c4c3=O)-c5ccc(O)c(O)5)C(O)C(O)C2O)C(O)C(O)C1O,,,,,,,,,,,,
391,C1=CC(=C(C=C1C2=[O+]C3=CC(=CC(=C3C=C2OC4C(C(C(C(O4)CO)O)O)O)O)O)O)O,449.1078379120898,0.3820000000000024,8.0,10.0,191.59999999999997,4.0,0.2857142857142857,179.73976069073746,1.8364148823989803,32.0,11.0,3.0
392,C1=C(C=C(C(=C1O)O)O)C2=[O+]C3=CC(=CC(=C3C=C2OC4C(C(C(C(O4)CO)O)O)O)O)O,465.1027525320898,0.08760000000000112,9.0,11.0,211.82999999999996,4.0,0.2857142857142857,184.53399444293348,1.863732560221886,33.0,12.0,3.0
393,COC1=C(C=C(C=C1O)C2=[O+]C3=CC(=CC(=C3C=C2OC4C(C(C(C(O4)CO)O)O)O)O)O)O,479.1184025960898,0.39060000000000056,8.0,11.0,200.82999999999998,5.0,0.3181818181818182,191.21824803464096,1.8648044424484267,34.0,12.0,3.0
394,CC1(C)OC2CC3(C)C(CC(O)C4C5(C)CCC(OC6OC(CO)C(O)C(O)C6O)C(C)(C)C5CCC34C)C2(C)O1,582.376783308,2.7313,5.0,9.0,138.07,3.0,1.0,244.44281933195657,1.2717545781388877,41.0,9.0,0.0
395,C1=CC(=CC=C1C2C(C(=O)C3=C(O2)C=C(O)C=C3O)O)O,288.06338810399996,1.4806999999999992,4.0,6.0,107.22000000000001,1.0,0.13333333333333333,119.0294948535563,2.0668053477090105,21.0,6.0,2.0
396,CC1OC(OC[C@H]2OC(OC3=CC(=CC4=C3OC(CC4=O)C5=CC=C(O)C=C5)O)C(O)C(O)C2O)C(O)C(O)C1O,580.1792057039999,-1.1652000000000007,8.0,14.0,225.05999999999997,6.0,0.5185185185185185,233.02825384606857,1.338298431235154,41.0,14.0,2.0
397,C1=CC(=CC=C1C2=C(C(=O)C3=C(O2)C=C(O)C=C3O)O)OC4C(C(C(C(O4)CO)O)O)O,448.1005614599998,-0.24450000000000044,7.0,11.0,190.27999999999997,4.0,0.2857142857142857,179.10704903858525,1.6254936614242061,32.0,11.0,3.0
398,OC(=O)C1=CC(O)=C(O)C(O)=C1,170.021523292,0.5015999999999998,4.0,4.0,97.99000000000001,1.0,0.0,67.13480234272139,3.306535412749064,12.0,5.0,1.0
399,OC(=O)C1=CC=C(O)C=C1,138.031694052,1.0903999999999998,2.0,2.0,57.53,1.0,0.0,57.54633483832936,3.003400684579818,10.0,3.0,1.0
400,OC(=O)C=CC1=CC(O)=C(O)C=C1,180.042258736,1.1956,3.0,3.0,77.76,2.0,0.0,74.38084978713434,2.9151150806659265,13.0,4.0,1.0
401,OC(=O)C=CC1=CC(OC)=C(O)C=C1,194.0579088,1.4986,2.0,3.0,66.76,3.0,0.1,81.06510337884183,2.9485073365729093,14.0,4.0,1.0
402,OC1=CC(O)=C2C(=O)C=C(OC2=C1)C3=CC=C(O)C=C3,270.05282342000004,2.5768000000000004,3.0,5.0,90.9,1.0,0.0,112.51920203793708,2.2893972855172384,20.0,5.0,3.0
403,O=C1OC2C(OC(=O)c3cc(O)c(O)c(O)c3-c4c(O)c(O)cc5c4C(=O)OC6C(OC(=O)c7cc(O)c(O)c(O)c7-c8c(O)c(O)cc1c8)OC(O)C(O)C6O2),,,,,,,,,,,,
404,Oc1cc2c(cc1O)OC(c3ccc(O)c(O)c3)C(O)C2,290.079038168,1.5460999999999998,5.0,6.0,110.38000000000001,1.0,0.2,119.66220650570855,1.976976937676959,21.0,6.0,2.0
405,C1=CC(=C(C=C1C2=[O+]C3=CC(=CC(=C3C=C2OC4C(C(C(C(O4)CO)O)O)OC5C(C(C(C(O5)CO)O)O)O)O)O)O)O,611.1606613320898,-1.7937999999999987,11.0,15.0,270.74999999999994,7.0,0.4444444444444444,241.53337393918966,1.5689258537976218,43.0,16.0,3.0
406,C1=CC=C(C=C1C2=[O+]C3=CC(=CC(=C3C=C2OC4C(C(C(C(O4)CO)O)O)O)O)O)O,433.1129232920898,0.6764000000000014,7.0,9.0,171.36999999999998,4.0,0.2857142857142857,174.94552693854143,1.8245033564978699,31.0,10.0,3.0
407,C1=CC=C(C=C1C2=[O+]C3=CC(=CC(=C3C=C2OC4C(C(C(C(O4)CO)O)O)OC5C(C(C(C(O5)CO)O)O)O)O)O)O,595.1657467120898,-1.4993999999999998,10.0,14.0,250.51999999999995,7.0,0.4444444444444444,236.7391401869936,1.5577153232870422,42.0,15.0,3.0
408,CC1OC(OC[C@H]2OC(OC3=C(OC4=CC(O)=CC(O)=C4C3=O)C5=CC=C(O)C(O)C5)C(O)C(O)C2O)C(O)C(O)C1O,612.1690349439999,-2.175399999999999,10.0,16.0,269.42999999999995,6.0,0.5185185185185185,241.64818354945524,1.4625717989877292,43.0,16.0,2.0
409,OCC@@HC@@HC@HC@HCO,,,,,,,,,,,,
410,OCC@HC@HC@@HC@@HCO,,,,,,,,,,,,
411,OC[C@H]1OC@@HC(O)C(O)C(O)CO,,,,,,,,,,,,
412,CS(=O)CC(N)C(=O)O,151.030314148,-1.2231999999999987,2.0,3.0,80.39,3.0,0.75,55.50397812384778,3.6324321519398444,9.0,4.0,0.0
413,C=CCS(=O)CC(N)C(=O)O,177.045964212,-0.6669999999999991,2.0,3.0,80.39,5.0,0.5,67.54425932045673,3.744713772689397,11.0,4.0,0.0
414,CCCS(=O)CC(N)C(=O)O,179.061614276,-0.44299999999999945,2.0,3.0,80.39,5.0,0.8333333333333334,68.233862352641,3.6598886651041704,11.0,4.0,0.0
415,NC(CC(N)=O)C(=O)O,132.053492116,-1.7263000000000002,3.0,3.0,106.41000000000001,3.0,0.5,51.63113671732834,3.632432151939845,9.0,5.0,0.0
416,C1=CC(=CC=C1C2=C(C(=O)C3=C(O2)C=C(O)C=C3O)O)O,286.04773803999996,2.2824000000000004,4.0,6.0,111.13000000000001,1.0,0.0,117.31343579013308,2.372496567253774,21.0,6.0,3.0
417,C1=CC(=C(C=C1C2=C(C(=O)C3=C(O2)C=C(O)C=C3O)O)O)O,302.04265265999993,1.9880000000000004,5.0,7.0,131.36,1.0,0.0,122.1076695423291,2.3772579684492383,22.0,7.0,3.0
418,[K+],38.96315810009,-2.996,0.0,0.0,0.0,0.0,0.0,50.29104245526629,0.0,1.0,0.0,0.0
419,[Ca+2],39.96149382018,-0.3808,0.0,0.0,0.0,0.0,0.0,37.484245755127894,0.0,1.0,0.0,0.0
420,[Mg+2],23.98394454018,-0.3808,0.0,0.0,0.0,0.0,0.0,23.638373567999984,0.0,1.0,0.0,0.0
421,CC1CCC2(C(C1)C3C(C2)CC4C3(CCC5C4CC(C(C5)C)OC6C(C(C(C(O6)CO)O)O)O)C)O,508.3400038759998,2.4572000000000025,5.0,7.0,119.61000000000001,3.0,1.0,215.12090252975298,1.1973244398098515,36.0,7.0,0.0
422,OC(=O)/C=C/c1ccc(O)cc1,164.047344116,1.49,2.0,2.0,57.53,2.0,0.0,69.58661603493832,2.7720256132280023,12.0,3.0,1.0
423,COC1=C(O)C=CC(=C1)/C=C/C(=O)O,194.0579088,1.4986,2.0,3.0,66.76,3.0,0.1,81.06510337884183,2.948507336572909,14.0,4.0,1.0
424,NCCc1ccc(O)c(O)c1,153.078978592,0.5989999999999998,3.0,3.0,66.48,2.0,0.25,65.08964554969491,2.864712197425543,11.0,3.0,1.0
425,Oc1cc(O)c2c(c1)OC(c3cc(O)c(O)c(O)c3)C(O)C2,306.073952788,1.2517,6.0,7.0,130.61,1.0,0.2,124.45644025790456,2.0282111114280985,22.0,7.0,2.0
426,O=C(O)c1cc(O)c(O)cc1,154.026608672,0.7959999999999998,3.0,3.0,77.76,1.0,0.0,62.34056859052537,3.1515496683060507,11.0,4.0,1.0
427,NC@@HC(=O)O,,,,,,,,,,,,
428,OC1=CC=C(C=C1)C=CC(=O)OC2C(O)C(O)C(O)C(O)C2O,326.10016753599996,-1.864700000000001,6.0,8.0,147.68,3.0,0.4,131.06091780607966,2.0206880654964032,23.0,8.0,1.0
429,OC1=CC(O)=C2C(=C1)OC(C@@HC2=O)C3=CC(O)=C(O)C(O)=C3,,,,,,,,,,,,
430,OC1=CC(O)=C2C(=O)C(O)=C(OC2=C1)C3=CC(O)=C(O)C(O)=C3,318.03756727999996,1.6936000000000002,6.0,8.0,151.59,1.0,0.0,126.9019032945251,2.3951104010988047,23.0,8.0,3.0
431,CC1OC(OC2C(O)C(O)C(OC3=CC(O)=CC(=C23)O)C4=CC(O)=C(O)C(O)=C4)C(O)C(O)C1O,498.1373408919998,-1.0447000000000004,10.0,13.0,229.98999999999995,3.0,0.45454545454545453,197.40922937294937,1.772980077338971,35.0,13.0,2.0
432,OC1=CC(O)=C2C(=C1)OC(C@@HC2=O)C3=CC(O)=C(O)C=C3,,,,,,,,,,,,
433,OC1=CC(O)=C2C(=C1)OC(C@@HC2=O)C3=CC=C(O)C=C3,,,,,,,,,,,,
434,OC1=CC(O)=C2C(=O)C(O)=C(OC2=C1)C3=CC(O)=C(O)C=C3,302.04265266,1.988,5.0,7.0,131.36,1.0,0.0,122.10766954232909,2.3772579684492388,22.0,7.0,3.0
435,OC1=CC(O)=C2C(=O)C(O)=C(OC2=C1)C3=CC=C(O)C=C3,286.04773804,2.2824,4.0,6.0,111.13000000000001,1.0,0.0,117.31343579013308,2.372496567253774,21.0,6.0,3.0
436,COC(=O)C1=CC(O)=C(O)C(O)=C1,184.037173356,0.5899999999999996,3.0,5.0,86.99000000000001,1.0,0.125,73.81905593442886,3.20372282479125,13.0,5.0,1.0
437,CCOC(=O)C1=CC(O)=C(O)C(O)=C1,198.05282342,0.9800999999999997,3.0,5.0,86.99000000000001,2.0,0.2222222222222222,80.18399804882547,3.060453483111529,14.0,5.0,1.0
438,Oc1cc(O)c2c(c1)OC(c3cc(O)c(O)c(O)c3)C@@HC2,,,,,,,,,,,,
439,Oc1cc(O)c2c(c1)OC(c3cc(O)c(O)c3)C(O)C2,,,,,,,,,,,,
440,OC1=C2C(=CC(O)=C1)OC(C(O)C2=O)C3=CC(O)=C(O)C(O)=C3,320.05321734399996,0.8918999999999995,6.0,8.0,147.68,1.0,0.13333333333333333,128.61796235794833,2.108534427015488,23.0,8.0,2.0
441,CC1OC(OC2=CC(=CC3=C2OC(C(O)C3=O)C4=CC(O)=C(O)C=C4)O)C(O)C(O)C1O,450.1162115239999,-0.3130000000000005,7.0,11.0,186.37,3.0,0.38095238095238093,180.82310810200846,1.7088741326306274,32.0,11.0,2.0
442,CC1OC(OC[C@H]2OC(OC3=C(OC4=CC(O)=CC(O)=C4C3=O)C5=CC=C(O)C=C5)C(O)C(O)C2O)C(O)C(O)C1O,594.15847026,-1.3927000000000012,9.0,15.0,249.19999999999996,6.0,0.4444444444444444,236.10642853484137,1.4596245971043602,42.0,15.0,3.0
443,CC1C(C(C(C(O1)OCC2C(C(C(C(O2)OC3=CC4=C(C=C(C=C4[O+]=C3C5=CC(=C(C=C5)O)O)O)O)O)O)O)O)O)O.[Cl-],630.1351479719999,-3.7621999999999973,10.0,14.0,250.51999999999995,6.0,0.4444444444444444,248.89223343954305,4.23198924277502e-06,43.0,15.0,3.0
444,C1[C@H](OC2=CC(=CC(=C2C1=O)O)O)C3=CC=CC=C3,256.073558864,2.8043000000000022,2.0,4.0,66.76,1.0,0.13333333333333333,109.44102734916427,2.0278124093810104,19.0,4.0,2.0
445,C1=CC=C(C=C1)C2=CC(=O)C3=C(C=C(C=C3O2)O)O,254.0579088,2.8712000000000018,2.0,4.0,70.67,1.0,0.0,107.72496828574104,2.3409958657668253,19.0,4.0,3.0
446,CC1=CC(=C(C=C1)C(C)C)O,150.104465068,2.8240200000000013,1.0,1.0,20.23,1.0,0.4,67.6854053292794,3.092719758380193,11.0,1.0,1.0
447,C/C/1=C\CCC(=C)[C@H]2CC([C@@H]2CC1)(C)C,204.187800768,4.7252000000000045,0.0,0.0,0.0,0.0,0.7333333333333333,94.45757225795508,2.119623126378003,15.0,0.0,0.0
448,C[C@@]12CC[C@@H]3[C@H](CC3(C)C)C(=C)CC[C@H]1O2,220.182715388,3.9364000000000035,0.0,1.0,12.53,0.0,0.8666666666666667,99.25488936611698,1.7762014509191193,16.0,1.0,0.0
449,CC1=CC(=C(C=C1)C(C)C)OC,164.120115132,3.1270200000000017,0.0,1.0,9.23,2.0,0.45454545454545453,74.36965892098688,3.109491344634383,12.0,1.0,1.0
450,CC1=CC=C(CC1)C(C)C,136.125200512,3.308900000000002,0.0,0.0,0.0,1.0,0.6,63.63869283950127,2.6429867035096573,10.0,0.0,0.0
451,CCCCCC(=O)CC,128.120115132,2.5458000000000007,0.0,1.0,17.07,5.0,0.875,57.455367928649565,2.9730624080867365,9.0,1.0,0.0
452,C[C@@H]1CCC(=C(C)C)C(=O)C1,152.120115132,2.711900000000001,0.0,1.0,17.07,0.0,0.7,68.4898179717293,2.735915745716674,11.0,1.0,0.0
453,C[C@@H]1CC[C@H](C(=O)C1)C(C)C,154.135765196,2.6477000000000013,0.0,1.0,17.07,1.0,0.9,69.17942100391355,2.5076939164331393,11.0,1.0,0.0
454,CC1=CC(=O)C(CC1)C(C)C,152.120115132,2.567800000000001,0.0,1.0,17.07,1.0,0.7,68.4898179717293,2.6837232226569196,11.0,1.0,0.0
455,CC[C@@H](CC[C@@H](C)[C@H]1CC[C@@H]2[C@@]1(CC[C@H]3[C@H]2CC=C4[C@@]3(CC[C@@H](C4)O)C)C)C(C)C,414.38616621999995,8.02480000000001,1.0,1.0,20.23,6.0,0.9310344827586207,187.03893633682944,1.47314600381298,30.0,1.0,0.0
456,COC1=CC=C(C=C1)CC=C,148.088815004,2.4237,0.0,1.0,9.23,3.0,0.2,67.31511377440603,2.7366739543410024,11.0,1.0,1.0
457,C[C@@H]1CC[C@@]2(CC[C@@]3(C(=CC[C@H]4[C@]3(CC[C@@H]5[C@@]4(CC[C@@H](C5(C)C)O)C)C)[C@@H]2[C@H]1C)C)C,426.38616621999995,8.02480000000001,1.0,1.0,20.23,0.0,0.9333333333333333,192.39804729769685,1.5889191698817404,31.0,1.0,0.0
458,CC1(C2CCC(=C)C1C2)C,136.125200512,2.9987000000000013,0.0,0.0,0.0,0.0,0.8,63.32246471815629,2.2310808128795734,10.0,0.0,0.0
459,C(=O)([O-])[O-].[Ca+2],99.94733484,-2.8278,0.0,3.0,63.19,0.0,0.0,58.605008627489525,0.0,5.0,3.0,0.0
460,C([C@@H]1[C@H]([C@@H]([C@H](C(=O)O1)O)O)O)O,178.04773804,-3.0131999999999985,4.0,6.0,107.22000000000001,1.0,0.8333333333333334,68.01013278461804,2.7001561336792648,12.0,6.0,0.0
461,CC(=CCCC(C)(C=C)OC(=O)C)C,196.14632988,3.2406000000000024,0.0,2.0,26.3,5.0,0.5833333333333334,86.64947555137437,4.187563022426479,14.0,2.0,0.0
462,CC1=CC[C@H](CC1)C(C)(C)O,154.135765196,2.5037000000000007,1.0,1.0,20.23,1.0,0.8,69.12252962388156,2.5385757360885064,11.0,1.0,0.0
463,CC(=CCC/C(=C/COC(=O)C)/C)C,196.14632988,3.242200000000002,0.0,2.0,26.3,5.0,0.5833333333333334,86.64947555137435,3.670448527133007,14.0,2.0,0.0
464,CC(=CCC/C(=C\COC(=O)C)/C)C,196.14632988,3.242200000000002,0.0,2.0,26.3,5.0,0.5833333333333334,86.64947555137435,3.670448527133007,14.0,2.0,0.0
465,CC(=CCC/C(=C/CO)/C)C,154.135765196,2.671400000000001,1.0,1.0,20.23,4.0,0.6,69.43875774522651,3.54438743137085,11.0,1.0,0.0
466,CC(=CC/C=C(/C)\C=C)C,136.125200512,3.4750000000000023,0.0,0.0,0.0,3.0,0.4,63.95492096084626,3.735272764128649,10.0,0.0,0.0
467,[C@@H]1([C@H]([C@H](OC([C@@H]1O)O)C(=O)O)O)O,194.04265266000002,-3.1290999999999984,5.0,6.0,127.45,1.0,0.8333333333333334,72.80436653681407,2.7575781247703532,13.0,7.0,0.0
468,S(=O)(=O)(O)O[C@@H](C=O)[C@@H]1[C@@H](O)[C@H](O)CO1,242.00963828000002,-2.506099999999999,3.0,7.0,130.36,4.0,0.8333333333333334,85.37285039583156,2.7156835736144505,15.0,8.0,0.0
469,C1[C@H]([C@@H]([C@H](O1)[C@H](C=O)O)O)O,162.05282342,-2.3331999999999993,3.0,5.0,86.99000000000001,2.0,0.8333333333333334,63.21589903242202,2.5355897001844196,11.0,5.0,0.0
470,C([C@@H]1C([C@@H]([C@H]([C@@H](O1)O)N)O)O[C@H]2[C@@H]([C@H](C([C@H](O2)CO)O[C@@H]3[C@@H]([C@H]([C@@H]([C@](O3)(CO)C(=O)C(CO)O)O)O)N)O)N)O,589.2330321679998,-9.38130000000001,13.0,19.0,343.58,10.0,0.9523809523809523,226.71185771575037,1.8078029606760952,40.0,19.0,0.0
471,CC1=CC[C@H](C=C1)[C@H](C)CCC=C(C)C,204.187800768,4.891300000000005,0.0,0.0,0.0,4.0,0.6,94.77380037930006,2.3270413122438147,15.0,0.0,0.0
472,CC(=CCC/C(=C/C/C=C(\C)/C=C)/C)C,204.187800768,5.201500000000005,0.0,0.0,0.0,6.0,0.4666666666666667,95.09002850064503,3.8947479080561584,15.0,0.0,0.0
473,CC(=CCC/C(=C\\C=O)/C)C,152.120115132,2.878000000000001,0.0,1.0,17.07,4.0,0.5,68.80604609307427,3.6257596603687854,11.0,1.0,0.0
474,CC1=CC=C(C=C1)C(C)CCC=C(C)C,202.172150704,4.844920000000005,0.0,0.0,0.0,4.0,0.4666666666666667,94.02627911688218,2.499362138113917,15.0,0.0,1.0
475,C[C@@H](CCC=C(C)C)[C@H]1CCC(=C)C=C1,204.187800768,4.891300000000005,0.0,0.0,0.0,4.0,0.6,94.77380037930007,2.340979431849497,15.0,0.0,0.0
476,COC1=C(C=CC(=C1)C=O)O,152.047344116,1.2133,1.0,3.0,46.53,2.0,0.125,64.23058843003683,3.1161641338580512,11.0,3.0,1.0
477,C1[C@@H]([C@@H]([C@H](C(O1)O)O)O)O,150.05282342,-2.5823,4.0,5.0,90.15,0.0,1.0,57.48366857017767,2.515835979311492,10.0,5.0,0.0
478,[C@@H]1([C@@H]([C@H](OC([C@@H]1O)O)C(=O)O)O)O,194.04265266000002,-3.1290999999999984,5.0,6.0,127.45,1.0,0.8333333333333334,72.80436653681407,2.7575781247703532,13.0,7.0,0.0
479,C([C@H]([C@H]([C@@H](C(=O)CO)O)O)O)O,180.063388104,-3.377199999999999,5.0,6.0,118.22000000000001,5.0,0.8333333333333334,68.69665246083639,4.07958305039934,12.0,6.0,0.0
480,CCCCCCCC/C=C\\CCCCCCCC(=O)O,282.255880328,6.1085000000000065,1.0,1.0,37.3,15.0,0.8333333333333334,125.20941979262746,3.066157800884338,20.0,2.0,0.0
481,CC/C=C\\C/C=C\\C/C=C\\CCCCCCCC(=O)O,278.2245802,5.660500000000005,1.0,1.0,37.3,13.0,0.6111111111111112,123.83021372825894,3.2329128954416952,20.0,2.0,0.0
482,C([C@@H]1[C@H]([C@@H]([C@](O1)(CCl)O[C@@H]2[C@@H]([C@H]([C@H]([C@H](O2)C(=O)O)Cl)O)O)O)O)Cl,409.9938151639999,-1.5638,5.0,8.0,145.91000000000003,5.0,0.9166666666666666,151.12507720932325,2.219545656713245,24.0,9.0,0.0
483,C1=CC(=C(C=C1C2=C(C(=O)C3=C(C=C(C=C3O2)O)O)O[C@H]4[C@@H]([C@H]([C@@H]([C@H](O4)CO)O)O)O)O)O,464.0954760799998,-0.5388999999999997,8.0,12.0,210.50999999999996,4.0,0.2857142857142857,183.90128279078124,1.9090272550053893,33.0,12.0,3.0
484,C1=CC(=CC=C1C2=C(C(=O)C3=C(C=C(C=C3O2)O)O)O[C@H]4[C@@H]([C@H]([C@@H]([C@H](O4)CO)O)O)O)O,448.1005614599998,-0.24450000000000044,7.0,11.0,190.27999999999997,4.0,0.2857142857142857,179.10704903858525,1.8857079372226564,32.0,11.0,3.0
485,C1=CC=C(C=C1)C2=[O+]C3=CC=CC=C3C=C2,207.08044139209,4.380900000000002,0.0,0.0,11.3,1.0,0.0,93.97497868130525,2.1924466637377464,16.0,1.0,3.0
486,C1[C@H]([C@@H]([C@H](C(O1)O)O)O)O,150.05282342,-2.5823,4.0,5.0,90.15,0.0,1.0,57.48366857017767,2.515835979311492,10.0,5.0,0.0
487,COC1=C(C=C(C=C1)C2=CC(=O)C3=C(C(=C(C=C3O2)OC)OC)OC)OC,372.1209029799999,3.503000000000001,0.0,7.0,76.36000000000001,6.0,0.25,155.52893750086648,2.275467194753787,27.0,7.0,3.0
488,C[C@H]1[C@@H]([C@H]([C@H]([C@@H](O1)OC[C@@H]2[C@H]([C@@H]([C@H]([C@@H](O2)OC3=CC(=C4C(=O)C[C@H](OC4=C3)C5=CC=C(C=C5)OC)O)O)O)O)O)O)O,594.1948557679999,-0.8622000000000001,7.0,14.0,214.05999999999997,7.0,0.5357142857142857,239.7125074377761,1.2935351988259733,42.0,14.0,2.0
489,C[C@H]1[C@@H]([C@H]([C@H]([C@@H](O1)OC[C@@H]2[C@H]([C@@H]([C@H]([C@@H](O2)OC3=CC(=C4C(=O)C[C@H](OC4=C3)C5=CC=C(C=C5)O)O)O)O)O)O)O)O,580.1792057039999,-1.1652000000000002,8.0,14.0,225.05999999999997,6.0,0.5185185185185185,233.0282538460686,1.2963314234075198,41.0,14.0,2.0
490,CC(=CCC1=C2C(=C(C=C1O)O)C(=O)C[C@H](O2)C3=CC=C(C=C3)O)C,340.13107374,4.018600000000003,3.0,5.0,86.99000000000001,3.0,0.25,145.3703686411591,2.066701253258221,25.0,5.0,2.0
491,CC(=CCC/C(=C/C(=O)OC)/C)C,182.130679816,2.852100000000001,0.0,2.0,26.3,4.0,0.5454545454545454,80.28453343697775,3.8675573247585016,13.0,2.0,0.0
492,CC1=CC[C@@H](C1(C)C)CC=O,152.120115132,2.567800000000001,0.0,1.0,17.07,2.0,0.7,68.48981797172931,2.690966323047217,11.0,1.0,0.0
493,CC(C)C1CCC(=C)C=C1,136.125200512,3.1648000000000023,0.0,0.0,0.0,1.0,0.6,63.63869283950127,2.525846811619927,10.0,0.0,0.0
494,[2H]OC[C@H]([C@H]([C@H]1[C@@H]([C@H](C[C@@](O1)(C(=O)O)OC)O[2H])NC(=O)C)O[2H])O[2H],327.146738236,-3.2176999999999953,6.0,8.0,165.78,10.0,0.8333333333333334,131.7855117695326,3.3371910136078538,22.0,10.0,0.0
495,C1=CC(=CN=C1)C(=O)OC2=C(C(=C(C3=C2OC(C(C3=O)OOC(=O)C4=CN=CC=C4)C5=CC(=C(C=C5)O)O)OOC(=O)C6=CN=CC=C6)OC(=O)C7=CN=CC=C7)OOC(=O)C8=CN=CC=C8,909.1401944039999,5.286400000000007,2.0,22.0,290.3999999999999,14.0,0.044444444444444446,374.15330713968876,1.3667655782924655,67.0,22.0,7.0
496,C1[C@H]([C@@H]([C@@H](C[C@]1(C(=O)O)O)OC(=O)/C=C/C2=CC=C(C=C2)O)O)O,338.10016753599996,-0.3515000000000002,5.0,7.0,144.52,4.0,0.375,136.79314826832405,2.0324448620228446,24.0,8.0,1.0
497,C,16.031300127999998,0.6361,0.0,0.0,0.0,0.0,1.0,8.739251027829551,0.0,1.0,0.0,0.0
498,CC(CCC=C(C)C)CC=O,154.135765196,2.9579000000000013,0.0,1.0,17.07,5.0,0.7,69.49564912525854,3.376357362685052,11.0,1.0,0.0
499,C1=CC(=CC(=C1)O)C(=O)O,138.031694052,1.0903999999999998,2.0,2.0,57.53,1.0,0.0,57.54633483832936,3.069899265759275,10.0,3.0,1.0
500,CC1CCC2C13CC(C2(C)C)C4(C(C3)O4)C,220.182715388,3.6262000000000025,0.0,1.0,12.53,0.0,1.0,98.93866124477199,1.8534988880649332,16.0,1.0,0.0
501,CC(=CCC/C(=C\CO)/C)C,154.135765196,2.671400000000001,1.0,1.0,20.23,4.0,0.6,69.43875774522651,3.54438743137085,11.0,1.0,0.0
502,COC1=CC=CC=C1,108.057514876,1.6952,0.0,1.0,9.23,1.0,0.14285714285714285,48.90989046340045,2.8320858350070908,8.0,1.0,1.0
503,CC1=CCC[C@]2([C@H]1C[C@@H](CC2)C(C)(C)O)C,222.198365452,3.9200000000000026,1.0,1.0,20.23,1.0,0.8666666666666667,99.94140904233535,2.1836516292188697,16.0,1.0,0.0
504,CC1=CC(=C(C(=C1)CO)O)CO,168.078644244,0.6852199999999995,3.0,3.0,60.69,2.0,0.3333333333333333,70.90893071927482,3.2197545691758087,12.0,3.0,1.0
505,C[C@H]1CC[C@H](CC2=C1CC[C@@H]2C)C(C)(C)O,222.198365452,3.920000000000003,1.0,1.0,20.23,1.0,0.8666666666666667,99.94140904233535,2.230512609218895,16.0,1.0,0.0
506,CC1=C(C(=C(C2=C1O[C@](CC2)(C)CCC[C@H](C)CCC[C@H](C)CCCC(C)C)C)OC(=O)C)C,472.39164552399996,9.059960000000002,0.0,3.0,35.53,13.0,0.7741935483870968,209.93773738494056,1.8212054089992102,34.0,3.0,1.0
507,CCCCCCCCCCCCCCCC(=O)OC[C@H](COP(=O)([O-])OCC[N+](C)(C)C)OC(=O)CCCCCCCCCCCCCCC,733.5621551499999,10.611799999999995,0.0,8.0,111.19,38.0,0.95,308.06286819088194,4.363942736621701,50.0,9.0,0.0
508,CCCCCCCCCCCCCCCC(=O)OC[C@H](COP(=O)([O-])OCC[N+](C)(C)C)OC(=O)CCCCCCC/C=C\CCCCCCCC,759.5778052139999,11.167999999999992,0.0,8.0,111.19,39.0,0.9047619047619048,320.10314938749093,4.374298246162735,52.0,9.0,0.0
509,C[C@H](CCCC(C)C)[C@H]1CC[C@@H]2[C@@]1(CC[C@H]3[C@H]2CC=C4[C@@]3(CC[C@@H](C4)O)C)C,386.35486609199995,7.38870000000001,1.0,1.0,20.23,5.0,0.9259259259259259,174.3090521080362,1.4894525128431007,28.0,1.0,0.0
510,[O-][Si](=O)[O-].[Na+].[Na+],121.94120895,-8.8696,0.0,3.0,63.19,0.0,0.0,81.24068428325153,-4.4999999250000016e-08,6.0,3.0,0.0
511,C(CN(CC(=O)[O-])CC(=O)[O-])N(CC(=O)O)CC(=O)O.[Na+].[Na+],336.054553968,-10.732600000000007,2.0,8.0,161.34,11.0,0.6,170.19322005218876,-1.8049992523503192e-06,22.0,10.0,0.0
512,CC(CO)O,76.052429496,-0.6405,2.0,2.0,40.46,1.0,1.0,31.057602761014785,2.5395388613593908,5.0,2.0,0.0
